site_id,configuration_id,relative_frobenius_error,spectral_cosine,rho_structure,quadrant
S01,Uniform-2,0.327355263442868,0.950043523151404,0.7203065134099617,D_low_rho_high_error
S02,Uniform-2,0.28257566110062066,0.9619646347128836,0.8784893267651889,D_low_rho_high_error
S03,Uniform-2,0.4622412057781667,0.8927509618719254,0.33497536945812806,D_low_rho_high_error
S04,Uniform-2,0.4337658040580569,0.9147387458482099,0.9064039408866994,D_low_rho_high_error
S05,Uniform-2,0.21731351738565657,0.9769431601688946,0.696223316912972,C_low_rho_low_error
S06,Uniform-2,0.6458905269782164,0.7832669019475084,0.8149972632731254,D_low_rho_high_error
S07,Uniform-2,0.32627734940041875,0.9551992488199629,0.5593869731800766,D_low_rho_high_error
S08,Uniform-2,0.188186769187737,0.982188174072459,0.8483853311439519,C_low_rho_low_error
S09,Uniform-2,0.2247111066133422,0.9758975425570943,0.7712096332785988,C_low_rho_low_error
S10,Uniform-2,0.3239405714264444,0.9477322571132744,0.8489326765188835,D_low_rho_high_error
S11,Uniform-2,0.2619179051398478,0.9668412076204576,0.793103448275862,D_low_rho_high_error
S12,Uniform-2,0.22640166272725012,0.9741856073723025,0.8160919540229885,C_low_rho_low_error
S13,Uniform-2,0.2430146771654591,0.9703818588393666,0.7903667214012041,C_low_rho_low_error
S14,Uniform-2,0.31438290456055207,0.949691650313351,0.8866995073891626,D_low_rho_high_error
S15,Uniform-2,0.17669130038609385,0.9842665949039989,0.8773946360153256,C_low_rho_low_error
S16,Uniform-2,0.2502829153483109,0.9681814635061259,0.7668308702791461,D_low_rho_high_error
S17,Uniform-2,0.2403465753657079,0.9714743859351791,0.8089764641488779,C_low_rho_low_error
S18,Uniform-2,0.20854544102958084,0.9783206210699391,0.8653530377668308,C_low_rho_low_error
S19,Uniform-2,0.3761516602116632,0.931638160059073,0.9545703338806788,D_low_rho_high_error
S20,Uniform-2,0.290049147215651,0.9642711187497093,0.8604269293924467,D_low_rho_high_error
S21,Uniform-2,0.662074646325469,0.7628724092048386,0.8177339901477831,D_low_rho_high_error
S22,Uniform-2,0.6056297417454498,0.82326233878717,0.8489326765188835,D_low_rho_high_error
S23,Uniform-2,0.2543826308307444,0.968179106193197,0.7728516694033934,D_low_rho_high_error
S24,Uniform-2,0.33013369041102064,0.9440117535998497,0.8489326765188835,D_low_rho_high_error
S25,Uniform-2,0.2725650824699425,0.9650204758189125,0.7909140667761357,D_low_rho_high_error
S26,Uniform-2,0.27576729119338256,0.9622722100514295,0.8149972632731254,D_low_rho_high_error
S27,Uniform-2,0.27385786612778934,0.9619251599407743,0.8773946360153256,D_low_rho_high_error
S28,Uniform-2,0.20888129621251886,0.9779792736314376,0.9315818281335522,C_low_rho_low_error
S30,Uniform-2,0.18703014480420446,0.9823849279456622,0.8106185002736727,C_low_rho_low_error
S01,Uniform-3,0.30757684745122343,0.9574818961531435,0.8171866447728516,D_low_rho_high_error
S02,Uniform-3,0.26930503952799056,0.9664143333877,0.9293924466338259,D_low_rho_high_error
S03,Uniform-3,0.38083239963083904,0.9247508769844942,0.819376026272578,D_low_rho_high_error
S04,Uniform-3,0.43393372731486496,0.9186975621832895,0.9682539682539683,B_high_rho_high_error
S05,Uniform-3,0.18542961706384867,0.9826605831713452,0.8412698412698413,C_low_rho_low_error
S06,Uniform-3,0.6383526079779658,0.7820889947878827,0.9020251778872468,D_low_rho_high_error
S07,Uniform-3,0.31251966721072727,0.9622107253518082,0.8308702791461413,D_low_rho_high_error
S08,Uniform-3,0.17322150653371715,0.9854296411750552,0.8587848932676518,C_low_rho_low_error
S09,Uniform-3,0.1992801398938974,0.9799465123953962,0.9036672140120415,C_low_rho_low_error
S10,Uniform-3,0.32006495835375715,0.9517461285422246,0.9556650246305418,B_high_rho_high_error
S11,Uniform-3,0.2558778823539781,0.9703049749115866,0.909688013136289,D_low_rho_high_error
S12,Uniform-3,0.2113110458876947,0.9778096029128881,0.9250136836343732,C_low_rho_low_error
S13,Uniform-3,0.23535722789845617,0.9732259508455102,0.8626163108921729,C_low_rho_low_error
S14,Uniform-3,0.30697056842460785,0.9538597883808299,0.9573070607553366,B_high_rho_high_error
S15,Uniform-3,0.16053334125164004,0.9880811465646064,0.9184455391351943,C_low_rho_low_error
S16,Uniform-3,0.23910721230687162,0.9722001316394338,0.906951286261631,C_low_rho_low_error
S17,Uniform-3,0.22121242897519533,0.9786592538389488,0.9129720853858784,C_low_rho_low_error
S18,Uniform-3,0.18458988030776524,0.9832915499097334,0.9332238642583469,C_low_rho_low_error
S19,Uniform-3,0.35082833404422836,0.9415117283302602,0.975369458128079,B_high_rho_high_error
S20,Uniform-3,0.2840854210461063,0.9709158932662498,0.9408866995073891,D_low_rho_high_error
S21,Uniform-3,0.6437700972203241,0.7853883294414046,0.89272030651341,D_low_rho_high_error
S22,Uniform-3,0.5839165807504517,0.8370572009223035,0.8949096880131362,D_low_rho_high_error
S23,Uniform-3,0.2504417184024785,0.9717251609995224,0.912424740010947,D_low_rho_high_error
S24,Uniform-3,0.3087848663628696,0.9525798686480056,0.926655719759168,D_low_rho_high_error
S25,Uniform-3,0.26050586664241066,0.9736527795287035,0.9578544061302682,B_high_rho_high_error
S26,Uniform-3,0.2572379138865162,0.9695460513017461,0.9146141215106732,D_low_rho_high_error
S27,Uniform-3,0.2356427467533974,0.9723697440082845,0.9523809523809524,C_low_rho_low_error
S28,Uniform-3,0.1949824094361355,0.98188903044353,0.9556650246305418,A_high_rho_low_error
S30,Uniform-3,0.17375960334957233,0.9849124570266998,0.8500273672687465,C_low_rho_low_error
S01,Uniform-4,0.3116320509885442,0.9531934357656187,0.906951286261631,D_low_rho_high_error
S02,Uniform-4,0.26090684514436874,0.9654460085729322,0.9556650246305418,B_high_rho_high_error
S03,Uniform-4,0.33647287329574027,0.9457036006607438,0.9014778325123153,D_low_rho_high_error
S04,Uniform-4,0.4423983051400265,0.9176312606851779,0.9792008757525997,B_high_rho_high_error
S05,Uniform-4,0.18870620654576012,0.9820443288479297,0.9195402298850575,C_low_rho_low_error
S06,Uniform-4,0.627489671410028,0.7789630282734716,0.983032293377121,B_high_rho_high_error
S07,Uniform-4,0.30866179417579576,0.9604565923481378,0.9337712096332785,D_low_rho_high_error
S08,Uniform-4,0.17137910114582772,0.9857878687741276,0.9085933223864259,C_low_rho_low_error
S09,Uniform-4,0.20507869936416298,0.9787727598124063,0.9518336070060207,C_low_rho_low_error
S10,Uniform-4,0.33058192893840027,0.9507656677935968,0.9764641488779421,B_high_rho_high_error
S11,Uniform-4,0.2637237504303027,0.9678764444726567,0.9485495347564312,D_low_rho_high_error
S12,Uniform-4,0.21936039870856702,0.976070043431952,0.9792008757525997,A_high_rho_low_error
S13,Uniform-4,0.24786638600054853,0.9701756240598438,0.9315818281335522,D_low_rho_high_error
S14,Uniform-4,0.31931489264701846,0.9513245575699193,0.9786535303776682,B_high_rho_high_error
S15,Uniform-4,0.16424413270260035,0.9865758515554546,0.9666119321291735,A_high_rho_low_error
S16,Uniform-4,0.2400489558737602,0.9719982728004404,0.9682539682539683,A_high_rho_low_error
S17,Uniform-4,0.21962100842765478,0.9788599081587669,0.980295566502463,A_high_rho_low_error
S18,Uniform-4,0.18744109918151913,0.982993809004756,0.9584017515051997,A_high_rho_low_error
S19,Uniform-4,0.3663465776660978,0.9331545130038122,0.9720853858784892,B_high_rho_high_error
S20,Uniform-4,0.2931076073380487,0.9680782169563975,0.9764641488779421,B_high_rho_high_error
S21,Uniform-4,0.6398349795176516,0.7708309291668166,0.9792008757525997,B_high_rho_high_error
S22,Uniform-4,0.5588484497197718,0.8304269309603818,0.960591133004926,B_high_rho_high_error
S23,Uniform-4,0.24865355520133717,0.9706384992859524,0.9638752052545155,B_high_rho_high_error
S24,Uniform-4,0.3058499866893925,0.9527391164660464,0.9589490968801313,B_high_rho_high_error
S25,Uniform-4,0.2696569660732324,0.96848156200734,0.9469074986316366,D_low_rho_high_error
S26,Uniform-4,0.28465967036693757,0.9586351710066259,0.9217296113847838,D_low_rho_high_error
S27,Uniform-4,0.2374021473942308,0.9715801379523779,0.9584017515051997,A_high_rho_low_error
S28,Uniform-4,0.19297397467603222,0.9812234764716483,0.9797482211275315,A_high_rho_low_error
S30,Uniform-4,0.18202224832899425,0.9834006984617255,0.9578544061302682,A_high_rho_low_error
S01,Uniform-6,0.21981975094758682,0.9759571781574108,0.8582375478927203,C_low_rho_low_error
S02,Uniform-6,0.20980978589186977,0.978491424264273,0.975369458128079,A_high_rho_low_error
S03,Uniform-6,0.18670084578600563,0.9824227513217737,0.9403393541324575,C_low_rho_low_error
S04,Uniform-6,0.4250998923174594,0.912732612465352,0.990695128626163,B_high_rho_high_error
S05,Uniform-6,0.17843954044056512,0.9840413075470806,0.9430760810071154,C_low_rho_low_error
S06,Uniform-6,0.5648078342247765,0.8285099263059743,0.9819376026272578,B_high_rho_high_error
S07,Uniform-6,0.2739200048154785,0.9638378383861194,0.9589490968801313,B_high_rho_high_error
S08,Uniform-6,0.16275798215681425,0.9867495280496879,0.9064039408866994,C_low_rho_low_error
S09,Uniform-6,0.19623624009384819,0.9806675537325014,0.9715380405035577,A_high_rho_low_error
S10,Uniform-6,0.3000909388247618,0.9550749424718529,0.9890530925013684,B_high_rho_high_error
S11,Uniform-6,0.24428203929153208,0.9702103098353627,0.9540229885057472,D_low_rho_high_error
S12,Uniform-6,0.2025180204877207,0.9792789745639773,0.950191570881226,C_low_rho_low_error
S13,Uniform-6,0.21509979613255864,0.9769639972842397,0.9337712096332785,C_low_rho_low_error
S14,Uniform-6,0.2853299547679544,0.9592694263475157,0.9896004378762999,B_high_rho_high_error
S15,Uniform-6,0.1563736326309432,0.987702486568628,0.9720853858784892,A_high_rho_low_error
S16,Uniform-6,0.2217394752949569,0.9751160259577961,0.9321291735084838,C_low_rho_low_error
S17,Uniform-6,0.1982739222337553,0.9805839152078647,0.962233169129721,A_high_rho_low_error
S18,Uniform-6,0.18317180947724515,0.9833292788006447,0.9562123700054733,A_high_rho_low_error
S19,Uniform-6,0.3001222813488381,0.9547865995978071,0.9967159277504104,B_high_rho_high_error
S20,Uniform-6,0.25025305171517226,0.9703184004318891,0.975369458128079,B_high_rho_high_error
S21,Uniform-6,0.5742383875419789,0.8212778860219655,0.9748221127531472,B_high_rho_high_error
S22,Uniform-6,0.4786111274389454,0.8829578592295221,0.9819376026272578,B_high_rho_high_error
S23,Uniform-6,0.21414230430522538,0.9768578586609172,0.960591133004926,A_high_rho_low_error
S24,Uniform-6,0.2778045953521917,0.9625195846062291,0.9649698960043787,B_high_rho_high_error
S25,Uniform-6,0.23292599844540415,0.9741388612397209,0.986863711001642,A_high_rho_low_error
S26,Uniform-6,0.234144126848677,0.9734812962972811,0.9715380405035577,A_high_rho_low_error
S27,Uniform-6,0.21649719292924052,0.9769926488538364,0.9693486590038315,A_high_rho_low_error
S28,Uniform-6,0.18353297015490266,0.9831060201998367,0.9786535303776682,A_high_rho_low_error
S30,Uniform-6,0.1746912293487718,0.9846799148195332,0.9715380405035577,A_high_rho_low_error
S01,Uniform-8,0.18686362580781685,0.9825785527360721,0.9490968801313627,C_low_rho_low_error
S02,Uniform-8,0.19434151799463312,0.9816294751453801,0.9863163656267103,A_high_rho_low_error
S03,Uniform-8,0.17345983799122053,0.9863949282249332,0.9824849480021893,A_high_rho_low_error
S04,Uniform-8,0.3580493935409186,0.9349537912339788,0.9928845101258894,B_high_rho_high_error
S05,Uniform-8,0.1719851548689386,0.9860141034011202,0.9852216748768472,A_high_rho_low_error
S06,Uniform-8,0.5449812609236478,0.8385035477711716,0.990695128626163,B_high_rho_high_error
S07,Uniform-8,0.24914698634866095,0.9685776767483136,0.9841269841269842,B_high_rho_high_error
S08,Uniform-8,0.1574840091159254,0.9876273484281937,0.9764641488779421,A_high_rho_low_error
S09,Uniform-8,0.167953973710123,0.9865283947819796,0.9896004378762999,A_high_rho_low_error
S10,Uniform-8,0.2518483130967748,0.9691169625751462,0.9950738916256158,B_high_rho_high_error
S11,Uniform-8,0.18968189175429165,0.9819431266265356,0.9841269841269842,A_high_rho_low_error
S12,Uniform-8,0.18069930464580053,0.9838873267059056,0.9912424740010948,A_high_rho_low_error
S13,Uniform-8,0.17799125508421124,0.9842383613569741,0.983032293377121,A_high_rho_low_error
S14,Uniform-8,0.23754971007943187,0.9726133489166786,0.9874110563765736,A_high_rho_low_error
S15,Uniform-8,0.14947804368828174,0.9888013285370817,0.9928845101258894,A_high_rho_low_error
S16,Uniform-8,0.1959441663946135,0.9817267040528744,0.9890530925013684,A_high_rho_low_error
S17,Uniform-8,0.16864813209327992,0.985685273387483,0.9852216748768472,A_high_rho_low_error
S18,Uniform-8,0.1604529779558547,0.9873458481198292,0.9775588396278051,A_high_rho_low_error
S19,Uniform-8,0.24314941557132294,0.9717487435777057,0.9967159277504104,A_high_rho_low_error
S20,Uniform-8,0.20205865945573548,0.9795544376373588,0.986863711001642,A_high_rho_low_error
S21,Uniform-8,0.5493426874227995,0.8358212260565356,0.9890530925013684,B_high_rho_high_error
S22,Uniform-8,0.46620927543182694,0.884720308256242,0.990695128626163,B_high_rho_high_error
S23,Uniform-8,0.18273503558081114,0.9833177891311555,0.983032293377121,A_high_rho_low_error
S24,Uniform-8,0.2705126469652889,0.9627229468886859,0.9797482211275315,B_high_rho_high_error
S25,Uniform-8,0.19199236371468273,0.981545934333674,0.9950738916256158,A_high_rho_low_error
S26,Uniform-8,0.2241978829867014,0.9745602909209181,0.990695128626163,A_high_rho_low_error
S27,Uniform-8,0.2131811646475677,0.9771014758419247,0.9748221127531472,A_high_rho_low_error
S28,Uniform-8,0.17438120901720391,0.9848276937348605,0.9939792008757526,A_high_rho_low_error
S30,Uniform-8,0.15785883770970807,0.9876979322419306,0.9846743295019157,A_high_rho_low_error
S01,NAIG-fold-specific,0.3431711049907139,0.9420221537173884,0.9370552818828682,D_low_rho_high_error
S01,NAIG-fold-specific,0.3379452255587085,0.9443040161152336,0.9403393541324576,D_low_rho_high_error
S01,NAIG-fold-specific,0.3420752980869568,0.9439581438091406,0.9354132457580736,D_low_rho_high_error
S01,NAIG-fold-specific,0.3345113561969025,0.943615809779028,0.9239189928845104,D_low_rho_high_error
S01,NAIG-fold-specific,0.3369521676841719,0.9415876295387926,0.9195402298850576,D_low_rho_high_error
S02,NAIG-fold-specific,0.2865436128203683,0.9581198508447448,0.9578544061302684,B_high_rho_high_error
S02,NAIG-fold-specific,0.2894734227446678,0.957471065512639,0.8741105637657363,D_low_rho_high_error
S02,NAIG-fold-specific,0.2866160834275745,0.9582257302870886,0.875752599890531,D_low_rho_high_error
S02,NAIG-fold-specific,0.7306087894888652,0.8617272759531899,0.9469074986316368,D_low_rho_high_error
S02,NAIG-fold-specific,0.2837860306826524,0.9588956932628888,0.94471811713191,D_low_rho_high_error
S03,NAIG-fold-specific,0.7777479969515391,0.8682671970964001,0.3979200875752601,D_low_rho_high_error
S03,NAIG-fold-specific,0.6101602573885209,0.901778812704232,0.4094143404488232,D_low_rho_high_error
S03,NAIG-fold-specific,0.714717812047796,0.8499694839673033,0.6568144499178982,D_low_rho_high_error
S03,NAIG-fold-specific,0.4848634815444094,0.8749997844845245,0.935960591133005,D_low_rho_high_error
S03,NAIG-fold-specific,0.7190610384657374,0.8662396281279222,0.929392446633826,D_low_rho_high_error
S04,NAIG-fold-specific,0.5968085181717399,0.8368246058046837,0.9841269841269844,B_high_rho_high_error
S04,NAIG-fold-specific,0.59615131757843,0.8366339061732544,0.9868637110016422,B_high_rho_high_error
S04,NAIG-fold-specific,0.562933033246591,0.8438174701904086,0.9737274220032844,B_high_rho_high_error
S04,NAIG-fold-specific,0.5586938063392827,0.8443315730273279,0.9770114942528736,B_high_rho_high_error
S04,NAIG-fold-specific,0.5568845664047015,0.8447359383242781,0.9786535303776684,B_high_rho_high_error
S05,NAIG-fold-specific,0.2055627551062287,0.979450800830854,0.8385331143951834,C_low_rho_low_error
S05,NAIG-fold-specific,0.2030280463288714,0.9796244307389156,0.9627805145046526,A_high_rho_low_error
S05,NAIG-fold-specific,0.196102301381831,0.9808178535860872,0.9644225506294472,A_high_rho_low_error
S05,NAIG-fold-specific,0.2352678045401217,0.975912749577164,0.9846743295019158,A_high_rho_low_error
S05,NAIG-fold-specific,0.1930532838976884,0.9811971912302506,0.9863163656267104,A_high_rho_low_error
S06,NAIG-fold-specific,0.6101482217164914,0.8060942325072347,0.9693486590038316,B_high_rho_high_error
S06,NAIG-fold-specific,0.609841765940359,0.8053492256866607,0.9781061850027368,B_high_rho_high_error
S06,NAIG-fold-specific,0.6110132215113956,0.8056072242732015,0.9770114942528736,B_high_rho_high_error
S06,NAIG-fold-specific,0.5675364043500734,0.8423456801144761,0.9436234263820472,D_low_rho_high_error
S06,NAIG-fold-specific,0.6521715687548343,0.7623170228204911,0.9688013136289,B_high_rho_high_error
S07,NAIG-fold-specific,0.2716464068492699,0.9657966596222052,0.8659003831417625,D_low_rho_high_error
S07,NAIG-fold-specific,0.2730020780733993,0.964826273426123,0.8461959496442256,D_low_rho_high_error
S07,NAIG-fold-specific,0.2681816454573231,0.9655673217000074,0.8872468527640942,D_low_rho_high_error
S07,NAIG-fold-specific,0.3213498276124626,0.9507029540803884,0.9540229885057474,D_low_rho_high_error
S07,NAIG-fold-specific,0.307019588097342,0.9555505177863268,0.9715380405035576,B_high_rho_high_error
S08,NAIG-fold-specific,0.1846853006176663,0.9848261357936364,0.934865900383142,C_low_rho_low_error
S08,NAIG-fold-specific,0.1844519370530696,0.9834198625513264,0.9408866995073892,C_low_rho_low_error
S08,NAIG-fold-specific,0.1811992690054883,0.9840659129365744,0.9408866995073892,C_low_rho_low_error
S08,NAIG-fold-specific,0.1883644377415569,0.9830624659415346,0.9447181171319105,C_low_rho_low_error
S08,NAIG-fold-specific,0.1936810304030606,0.9833968487119278,0.9742747673782158,A_high_rho_low_error
S09,NAIG-fold-specific,0.184206975067568,0.9841336245309243,0.9485495347564314,C_low_rho_low_error
S09,NAIG-fold-specific,0.1711728366011811,0.985634954091712,0.9655172413793104,A_high_rho_low_error
S09,NAIG-fold-specific,0.1719809251337675,0.9855999970754242,0.9671592775041052,A_high_rho_low_error
S09,NAIG-fold-specific,0.2439253294298589,0.9755328231054942,0.9775588396278052,B_high_rho_high_error
S09,NAIG-fold-specific,0.2317233320128564,0.9751073251394629,0.9786535303776684,A_high_rho_low_error
S10,NAIG-fold-specific,0.2754662944825802,0.9633329567412288,0.9698960043787632,B_high_rho_high_error
S10,NAIG-fold-specific,0.2743506809641608,0.9635055979646328,0.9748221127531472,B_high_rho_high_error
S10,NAIG-fold-specific,0.2328776843940264,0.972696719099006,0.9742747673782156,A_high_rho_low_error
S10,NAIG-fold-specific,0.2306379537567175,0.9731634878038428,0.980295566502463,A_high_rho_low_error
S10,NAIG-fold-specific,0.2269991917787986,0.9739401472406272,0.9666119321291736,A_high_rho_low_error
S11,NAIG-fold-specific,0.2380564371353933,0.975379491655892,0.9430760810071156,C_low_rho_low_error
S11,NAIG-fold-specific,0.2193459312538267,0.9779372401753492,0.9551176792556104,C_low_rho_low_error
S11,NAIG-fold-specific,0.2189526296262186,0.97802713611305,0.9534756431308156,C_low_rho_low_error
S11,NAIG-fold-specific,0.2934466159182184,0.9665077924329316,0.9715380405035576,B_high_rho_high_error
S11,NAIG-fold-specific,0.2639628023836763,0.9646192488357912,0.9737274220032842,B_high_rho_high_error
S12,NAIG-fold-specific,0.2107894784075114,0.979197259288967,0.9020251778872468,C_low_rho_low_error
S12,NAIG-fold-specific,0.2022252841054527,0.980255168422272,0.9529282977558836,C_low_rho_low_error
S12,NAIG-fold-specific,0.2004067540891034,0.9806530145449408,0.9562123700054737,A_high_rho_low_error
S12,NAIG-fold-specific,0.2708694688146857,0.971092856530088,0.9359605911330048,D_low_rho_high_error
S12,NAIG-fold-specific,0.2229196075999496,0.9776686788843264,0.9633278598795842,A_high_rho_low_error
S13,NAIG-fold-specific,0.2137006492739148,0.9809275912198614,0.9354132457580736,C_low_rho_low_error
S13,NAIG-fold-specific,0.1996236791881607,0.9824794787355376,0.9578544061302684,A_high_rho_low_error
S13,NAIG-fold-specific,0.1982986337267412,0.982306678834831,0.9584017515052,A_high_rho_low_error
S13,NAIG-fold-specific,0.1946082402104804,0.9826859997223658,0.9441707717569788,C_low_rho_low_error
S13,NAIG-fold-specific,0.1891629928570072,0.9829385349151636,0.9616858237547894,A_high_rho_low_error
S14,NAIG-fold-specific,0.3699090732903662,0.9447588142996008,0.947454844006568,D_low_rho_high_error
S14,NAIG-fold-specific,0.3351861712470878,0.9503103898510876,0.9720853858784894,B_high_rho_high_error
S14,NAIG-fold-specific,0.2821826717396722,0.9626888740071278,0.9737274220032842,B_high_rho_high_error
S14,NAIG-fold-specific,0.3564762414690246,0.9481909818976046,0.9824849480021892,B_high_rho_high_error
S14,NAIG-fold-specific,0.3273910807089427,0.954684766157742,0.9819376026272578,B_high_rho_high_error
S15,NAIG-fold-specific,0.1797321520204376,0.9838874143576396,0.9157088122605364,C_low_rho_low_error
S15,NAIG-fold-specific,0.1765954641678133,0.9846431328307992,0.9277504105090312,C_low_rho_low_error
S15,NAIG-fold-specific,0.1766449539832918,0.9844587679552328,0.9376026272577996,C_low_rho_low_error
S15,NAIG-fold-specific,0.1823566308938013,0.9848155846616012,0.963327859879584,A_high_rho_low_error
S15,NAIG-fold-specific,0.1929358530949525,0.981705865055286,0.9726327312534212,A_high_rho_low_error
S16,NAIG-fold-specific,0.2339250417112808,0.9734559453171964,0.9534756431308156,C_low_rho_low_error
S16,NAIG-fold-specific,0.2232425998322946,0.9751242983313262,0.93431855500821,C_low_rho_low_error
S16,NAIG-fold-specific,0.2192378259137805,0.9759846076710876,0.9211822660098524,C_low_rho_low_error
S16,NAIG-fold-specific,0.299099421297745,0.9656738186492808,0.9649698960043788,B_high_rho_high_error
S16,NAIG-fold-specific,0.2605050909817522,0.970080878154002,0.9704433497536946,B_high_rho_high_error
S17,NAIG-fold-specific,0.2087258104443328,0.9804862412031417,0.90311986863711,C_low_rho_low_error
S17,NAIG-fold-specific,0.2058789362260526,0.9807673437439411,0.9518336070060208,C_low_rho_low_error
S17,NAIG-fold-specific,0.2045913742222351,0.9808439129742588,0.9688013136289,A_high_rho_low_error
S17,NAIG-fold-specific,0.2216227265169894,0.9793046005631526,0.9802955665024632,A_high_rho_low_error
S17,NAIG-fold-specific,0.2092421592118178,0.9807716095435428,0.9868637110016424,A_high_rho_low_error
S18,NAIG-fold-specific,0.2090251748794271,0.9820253932047738,0.9534756431308156,C_low_rho_low_error
S18,NAIG-fold-specific,0.2053009499500403,0.98264878538098,0.961138478379858,A_high_rho_low_error
S18,NAIG-fold-specific,0.2456662717657157,0.9781772353730486,0.9480021893815,D_low_rho_high_error
S18,NAIG-fold-specific,0.2176825320409652,0.9816261558514224,0.9677066228790367,A_high_rho_low_error
S18,NAIG-fold-specific,0.2146093310535987,0.9781508033351152,0.9726327312534212,A_high_rho_low_error
S19,NAIG-fold-specific,0.3528197377821369,0.9460739274305088,0.9781061850027368,B_high_rho_high_error
S19,NAIG-fold-specific,0.3111827800659562,0.9543851336585076,0.9835796387520526,B_high_rho_high_error
S19,NAIG-fold-specific,0.3892085432380679,0.9349308795840174,0.9874110563765736,B_high_rho_high_error
S19,NAIG-fold-specific,0.3986399685313323,0.9363476346913006,0.9967159277504108,B_high_rho_high_error
S19,NAIG-fold-specific,0.3705990349710317,0.9291756453963927,0.9956212370005476,B_high_rho_high_error
S20,NAIG-fold-specific,0.2716722050495158,0.9676960878727624,0.9562123700054734,B_high_rho_high_error
S20,NAIG-fold-specific,0.2660303151598927,0.9698673569407376,0.963327859879584,B_high_rho_high_error
S20,NAIG-fold-specific,0.2656429882286318,0.9697190452305052,0.960591133004926,B_high_rho_high_error
S20,NAIG-fold-specific,0.2278136162872385,0.9755921191952752,0.9540229885057472,C_low_rho_low_error
S20,NAIG-fold-specific,0.2466111848825752,0.9713875409034152,0.9573070607553368,B_high_rho_high_error
S21,NAIG-fold-specific,0.705752877407163,0.7569746694220071,0.9277504105090312,D_low_rho_high_error
S21,NAIG-fold-specific,0.6848498063105026,0.7705168024217488,0.9567597153804052,B_high_rho_high_error
S21,NAIG-fold-specific,0.6850348476261097,0.7697872047790265,0.9430760810071156,D_low_rho_high_error
S21,NAIG-fold-specific,0.6584072730114363,0.7988341802038599,0.9277504105090312,D_low_rho_high_error
S21,NAIG-fold-specific,0.6334682557787704,0.8209399745268212,0.942528735632184,D_low_rho_high_error
S22,NAIG-fold-specific,0.5834917585256404,0.8343705383332308,0.9392446633825944,D_low_rho_high_error
S22,NAIG-fold-specific,0.5610275765511509,0.8593257286383392,0.9512862616310894,D_low_rho_high_error
S22,NAIG-fold-specific,0.530947916368783,0.8663943090928538,0.9501915708812262,D_low_rho_high_error
S22,NAIG-fold-specific,0.524098261395611,0.8714549280583114,0.9518336070060208,D_low_rho_high_error
S22,NAIG-fold-specific,0.5959221833485138,0.808018659262276,0.952928297755884,D_low_rho_high_error
S23,NAIG-fold-specific,0.2976538221866516,0.9559735654074422,0.794745484400657,D_low_rho_high_error
S23,NAIG-fold-specific,0.3003173944670355,0.9563948996467442,0.8631636562671046,D_low_rho_high_error
S23,NAIG-fold-specific,0.2995580076321036,0.9555739544234508,0.8675424192665572,D_low_rho_high_error
S23,NAIG-fold-specific,0.2920864792733775,0.9583510899915892,0.9649698960043788,B_high_rho_high_error
S23,NAIG-fold-specific,0.2921722684907837,0.9573301177063932,0.970990695128626,B_high_rho_high_error
S24,NAIG-fold-specific,0.2923005490473331,0.9578439393650388,0.8702791461412153,D_low_rho_high_error
S24,NAIG-fold-specific,0.2916590811751421,0.9584681640154712,0.9151614668856048,D_low_rho_high_error
S24,NAIG-fold-specific,0.2886297259689968,0.9585269089740464,0.9173508483853312,D_low_rho_high_error
S24,NAIG-fold-specific,0.3129962343347329,0.9522586669359164,0.9507389162561576,D_low_rho_high_error
S24,NAIG-fold-specific,0.3518446595596086,0.936510027735908,0.9759168035030104,B_high_rho_high_error
S25,NAIG-fold-specific,0.2178660845307675,0.9788665570925438,0.9540229885057472,C_low_rho_low_error
S25,NAIG-fold-specific,0.209281582183969,0.9795661885950808,0.9540229885057472,C_low_rho_low_error
S25,NAIG-fold-specific,0.2075317124760453,0.979782486523331,0.9578544061302684,A_high_rho_low_error
S25,NAIG-fold-specific,0.2068833250287943,0.979964226386082,0.9507389162561576,C_low_rho_low_error
S25,NAIG-fold-specific,0.1864953790909215,0.9829942386158024,0.9507389162561576,C_low_rho_low_error
S26,NAIG-fold-specific,0.2452138301323595,0.9701265846523148,0.8232074438970991,D_low_rho_high_error
S26,NAIG-fold-specific,0.2463179240770203,0.9697775117318898,0.8494800218938151,D_low_rho_high_error
S26,NAIG-fold-specific,0.2456992437418986,0.9698954468220756,0.8949096880131364,D_low_rho_high_error
S26,NAIG-fold-specific,0.2611907982533731,0.9681656653258284,0.9386973180076628,D_low_rho_high_error
S26,NAIG-fold-specific,0.2625535974980112,0.9649808584146612,0.9512862616310892,D_low_rho_high_error
S27,NAIG-fold-specific,0.24044831225049,0.9721536766340128,0.950191570881226,C_low_rho_low_error
S27,NAIG-fold-specific,0.2384446847244976,0.9726175677210837,0.9578544061302684,A_high_rho_low_error
S27,NAIG-fold-specific,0.2445290039657388,0.9717413838756668,0.956759715380405,B_high_rho_high_error
S27,NAIG-fold-specific,0.2362743794849819,0.9727827874052392,0.9315818281335524,C_low_rho_low_error
S27,NAIG-fold-specific,0.227442830160759,0.9743244789050548,0.9381499726327313,C_low_rho_low_error
S28,NAIG-fold-specific,0.183012084916524,0.9834223957895636,0.9496442255062946,C_low_rho_low_error
S28,NAIG-fold-specific,0.1791806424134799,0.9838537853660864,0.9518336070060208,C_low_rho_low_error
S28,NAIG-fold-specific,0.1778006599241795,0.984110571698134,0.9584017515051996,A_high_rho_low_error
S28,NAIG-fold-specific,0.1972727627952568,0.980547392856881,0.9748221127531472,A_high_rho_low_error
S28,NAIG-fold-specific,0.1894704919414954,0.9818996045067424,0.9781061850027366,A_high_rho_low_error
S30,NAIG-fold-specific,0.1914018211363729,0.982361640228894,0.949096880131363,C_low_rho_low_error
S30,NAIG-fold-specific,0.1876274345635242,0.9829688796053162,0.9682539682539684,A_high_rho_low_error
S30,NAIG-fold-specific,0.182023956153644,0.9838172652272964,0.9688013136289,A_high_rho_low_error
S30,NAIG-fold-specific,0.199916599096988,0.9814507127032264,0.9852216748768474,A_high_rho_low_error
S30,NAIG-fold-specific,0.1920741177875507,0.9825018572646292,0.9917898193760264,A_high_rho_low_error
