site_id,strategy,K,selected_ex,selected_ex_span_nm,lower_edge_gap_nm,upper_edge_gap_nm,relative_frobenius_error_fullrange,relative_frobenius_error_interpdomain,spectral_cosine_fullrange,reconstruction_supported_fraction_fullrange,unsupported_fraction_fullrange
S01,NAIG,2,425;360,65,60,275,0.3431711049907139,0.25825618378821796,0.9420221537173884,0.9715594119064835,0.02844058809351651
S01,NAIG,3,425;360;620,260,60,80,0.33794522555870854,0.33263695333607884,0.9443040161152336,0.9715594119064835,0.02844058809351651
S01,NAIG,4,425;360;620;500,260,60,80,0.3420752980869568,0.33555279234797863,0.9439581438091406,0.9715594119064835,0.02844058809351651
S01,NAIG,6,425;360;620;500;465;305,315,5,80,0.3345113561969025,0.33626874718537075,0.9436158097790279,0.997589780670041,0.002410219329959026
S01,NAIG,8,425;360;620;500;465;305;540;660,355,5,40,0.33695216768417197,0.3370222096580074,0.9415876295387926,0.997589780670041,0.002410219329959026
S01,Uniform,2,300;700,400,0,0,0.327355263442868,0.327355263442868,0.950043523151404,0.9115449505905038,0.08845504940949626
S01,Uniform,3,300;500;700,400,0,0,0.30757684745122343,0.30757684745122343,0.9574818961531435,0.9363702096890817,0.0636297903109183
S01,Uniform,4,300;435;565;700,400,0,0,0.3116320509885442,0.3116320509885442,0.9531934357656187,0.9983128464690287,0.0016871535309713184
S01,Uniform,6,300;380;460;540;620;700,400,0,0,0.21981975094758682,0.21981975094758682,0.9759571781574108,0.9983128464690287,0.0016871535309713184
S01,Uniform,8,300;355;415;470;530;585;645;700,400,0,0,0.18686362580781685,0.18686362580781685,0.9825785527360721,0.9983128464690287,0.0016871535309713184
S02,NAIG,2,365;620,255,65,80,0.2865436128203683,0.3192341124666924,0.9581198508447449,0.9681851048445409,0.03181489515545915
S02,NAIG,3,365;620;450,255,65,80,0.2894734227446678,0.31492104476860366,0.957471065512639,0.9681851048445409,0.03181489515545915
S02,NAIG,4,365;620;450;695,330,65,5,0.2866160834275745,0.3124083041847794,0.9582257302870886,0.9681851048445409,0.03181489515545915
S02,NAIG,6,365;620;450;695;545;425,330,65,5,0.7306087894888652,0.8590136410633583,0.8617272759531899,0.9681851048445409,0.03181489515545915
S02,NAIG,8,365;620;450;695;545;425;475;505,330,65,5,0.28378603068265246,0.3087125543229646,0.9588956932628887,0.9681851048445409,0.03181489515545915
S02,Uniform,2,300;700,400,0,0,0.28257566110062066,0.28257566110062066,0.9619646347128836,0.9115449505905038,0.08845504940949626
S02,Uniform,3,300;500;700,400,0,0,0.26930503952799056,0.26930503952799056,0.9664143333877,0.9363702096890817,0.0636297903109183
S02,Uniform,4,300;435;565;700,400,0,0,0.26090684514436874,0.26090684514436874,0.9654460085729322,0.9983128464690287,0.0016871535309713184
S02,Uniform,6,300;380;460;540;620;700,400,0,0,0.20980978589186977,0.20980978589186977,0.978491424264273,0.9983128464690287,0.0016871535309713184
S02,Uniform,8,300;355;415;470;530;585;645;700,400,0,0,0.19434151799463312,0.19434151799463312,0.9816294751453801,0.9983128464690287,0.0016871535309713184
S03,NAIG,2,470;545,75,170,155,0.7777479969515391,0.5721852972859857,0.8682671970964001,0.8522535550735116,0.1477464449264883
S03,NAIG,3,470;545;620,150,170,80,0.6101602573885209,0.40078442340348386,0.901778812704232,0.8522535550735116,0.1477464449264883
S03,NAIG,4,470;545;620;425,195,125,80,0.714717812047796,0.5951672645016506,0.8499694839673033,0.9346830561581104,0.06531694384188962
S03,NAIG,6,470;545;620;425;375;305,315,5,80,0.48486348154440945,0.47844686396000097,0.8749997844845245,0.997589780670041,0.002410219329959026
S03,NAIG,8,470;545;620;425;375;305;445;675,370,5,25,0.7190610384657374,0.7182776035609115,0.8662396281279222,0.997589780670041,0.002410219329959026
S03,Uniform,2,300;700,400,0,0,0.4622412057781667,0.4622412057781667,0.8927509618719254,0.9115449505905038,0.08845504940949626
S03,Uniform,3,300;500;700,400,0,0,0.38083239963083904,0.38083239963083904,0.9247508769844942,0.9363702096890817,0.0636297903109183
S03,Uniform,4,300;435;565;700,400,0,0,0.33647287329574027,0.33647287329574027,0.9457036006607438,0.9983128464690287,0.0016871535309713184
S03,Uniform,6,300;380;460;540;620;700,400,0,0,0.18670084578600563,0.18670084578600563,0.9824227513217737,0.9983128464690287,0.0016871535309713184
S03,Uniform,8,300;355;415;470;530;585;645;700,400,0,0,0.17345983799122053,0.17345983799122053,0.9863949282249332,0.9983128464690287,0.0016871535309713184
S04,NAIG,2,425;360,65,60,275,0.5968085181717399,0.6804181979831861,0.8368246058046837,0.9715594119064835,0.02844058809351651
S04,NAIG,3,425;360;620,260,60,80,0.59615131757843,0.7845629994968671,0.8366339061732544,0.9715594119064835,0.02844058809351651
S04,NAIG,4,425;360;620;465,260,60,80,0.562933033246591,0.7069297094929212,0.8438174701904086,0.9715594119064835,0.02844058809351651
S04,NAIG,6,425;360;620;465;545;525,260,60,80,0.5586938063392827,0.6979879562585072,0.8443315730273279,0.9715594119064835,0.02844058809351651
S04,NAIG,8,425;360;620;465;545;525;505;695,335,60,5,0.5568845664047015,0.6863966809434026,0.8447359383242781,0.9715594119064835,0.02844058809351651
S04,Uniform,2,300;700,400,0,0,0.4337658040580569,0.4337658040580569,0.9147387458482099,0.9115449505905038,0.08845504940949626
S04,Uniform,3,300;500;700,400,0,0,0.43393372731486496,0.43393372731486496,0.9186975621832895,0.9363702096890817,0.0636297903109183
S04,Uniform,4,300;435;565;700,400,0,0,0.4423983051400265,0.4423983051400265,0.9176312606851779,0.9983128464690287,0.0016871535309713184
S04,Uniform,6,300;380;460;540;620;700,400,0,0,0.4250998923174594,0.4250998923174594,0.912732612465352,0.9983128464690287,0.0016871535309713184
S04,Uniform,8,300;355;415;470;530;585;645;700,400,0,0,0.3580493935409186,0.3580493935409186,0.9349537912339788,0.9983128464690287,0.0016871535309713184
S05,NAIG,2,365;620,255,65,80,0.20556275510622873,0.21583387133354143,0.9794508008308539,0.9681851048445409,0.03181489515545915
S05,NAIG,3,365;620;435,255,65,80,0.20302804632887148,0.20654954304340348,0.9796244307389156,0.9681851048445409,0.03181489515545915
S05,NAIG,4,365;620;435;545,255,65,80,0.19610230138183107,0.19671967134933332,0.9808178535860873,0.9681851048445409,0.03181489515545915
S05,NAIG,6,365;620;435;545;475;345,275,45,80,0.23526780454012178,0.2554258659979509,0.9759127495771639,0.9930103639431188,0.0069896360568811764
S05,NAIG,8,365;620;435;545;475;345;305;505,315,5,80,0.19305328389768842,0.19172882748005352,0.9811971912302506,0.997589780670041,0.002410219329959026
S05,Uniform,2,300;700,400,0,0,0.21731351738565657,0.21731351738565657,0.9769431601688946,0.9115449505905038,0.08845504940949626
S05,Uniform,3,300;500;700,400,0,0,0.18542961706384867,0.18542961706384867,0.9826605831713452,0.9363702096890817,0.0636297903109183
S05,Uniform,4,300;435;565;700,400,0,0,0.18870620654576012,0.18870620654576012,0.9820443288479297,0.9983128464690287,0.0016871535309713184
S05,Uniform,6,300;380;460;540;620;700,400,0,0,0.17843954044056512,0.17843954044056512,0.9840413075470806,0.9983128464690287,0.0016871535309713184
S05,Uniform,8,300;355;415;470;530;585;645;700,400,0,0,0.1719851548689386,0.1719851548689386,0.9860141034011202,0.9983128464690287,0.0016871535309713184
S06,NAIG,2,365;425,60,65,275,0.6101482217164914,0.4871653031888763,0.8060942325072347,0.9681851048445409,0.03181489515545915
S06,NAIG,3,365;425;610,245,65,90,0.609841765940359,0.5344455345314476,0.8053492256866607,0.9681851048445409,0.03181489515545915
S06,NAIG,4,365;425;610;545,245,65,90,0.6110132215113956,0.5362467147910394,0.8056072242732015,0.9681851048445409,0.03181489515545915
S06,NAIG,6,365;425;610;545;505;450,245,65,90,0.5675364043500734,0.4707690814090536,0.8423456801144761,0.9681851048445409,0.03181489515545915
S06,NAIG,8,365;425;610;545;505;450;305;695,390,5,5,0.6521715687548343,0.6458428481248036,0.7623170228204911,0.997589780670041,0.002410219329959026
S06,Uniform,2,300;700,400,0,0,0.6458905269782164,0.6458905269782164,0.7832669019475084,0.9115449505905038,0.08845504940949626
S06,Uniform,3,300;500;700,400,0,0,0.6383526079779658,0.6383526079779658,0.7820889947878827,0.9363702096890817,0.0636297903109183
S06,Uniform,4,300;435;565;700,400,0,0,0.627489671410028,0.627489671410028,0.7789630282734716,0.9983128464690287,0.0016871535309713184
S06,Uniform,6,300;380;460;540;620;700,400,0,0,0.5648078342247765,0.5648078342247765,0.8285099263059743,0.9983128464690287,0.0016871535309713184
S06,Uniform,8,300;355;415;470;530;585;645;700,400,0,0,0.5449812609236478,0.5449812609236478,0.8385035477711716,0.9983128464690287,0.0016871535309713184
S07,NAIG,2,365;425,60,65,275,0.2716464068492699,0.21296391325407035,0.9657966596222051,0.9681851048445409,0.03181489515545915
S07,NAIG,3,365;425;480,115,65,220,0.2730020780733993,0.2753704641920684,0.964826273426123,0.9681851048445409,0.03181489515545915
S07,NAIG,4,365;425;480;575,210,65,125,0.2681816454573231,0.28230307653718034,0.9655673217000074,0.9681851048445409,0.03181489515545915
S07,NAIG,6,365;425;480;575;510;305,270,5,125,0.3213498276124626,0.3171120554469434,0.9507029540803884,0.997589780670041,0.002410219329959026
S07,NAIG,8,365;425;480;575;510;305;695;625,390,5,5,0.30701958809734203,0.30490971990805715,0.9555505177863267,0.997589780670041,0.002410219329959026
S07,Uniform,2,300;700,400,0,0,0.32627734940041875,0.32627734940041875,0.9551992488199629,0.9115449505905038,0.08845504940949626
S07,Uniform,3,300;500;700,400,0,0,0.31251966721072727,0.31251966721072727,0.9622107253518082,0.9363702096890817,0.0636297903109183
S07,Uniform,4,300;435;565;700,400,0,0,0.30866179417579576,0.30866179417579576,0.9604565923481378,0.9983128464690287,0.0016871535309713184
S07,Uniform,6,300;380;460;540;620;700,400,0,0,0.2739200048154785,0.2739200048154785,0.9638378383861194,0.9983128464690287,0.0016871535309713184
S07,Uniform,8,300;355;415;470;530;585;645;700,400,0,0,0.24914698634866095,0.24914698634866095,0.9685776767483136,0.9983128464690287,0.0016871535309713184
S08,NAIG,2,365;425,60,65,275,0.18468530061766633,0.14638745826295335,0.9848261357936363,0.9681851048445409,0.03181489515545915
S08,NAIG,3,365;425;480,115,65,220,0.1844519370530696,0.15554536415889214,0.9834198625513263,0.9681851048445409,0.03181489515545915
S08,NAIG,4,365;425;480;620,255,65,80,0.18119926900548836,0.16187153126678328,0.9840659129365743,0.9681851048445409,0.03181489515545915
S08,NAIG,6,365;425;480;620;545;330,290,30,80,0.18836443774155698,0.17776477095820137,0.9830624659415346,0.9893950349481803,0.010604965051819716
S08,NAIG,8,365;425;480;620;545;330;505;400,290,30,80,0.19368103040306067,0.18507142947740682,0.9833968487119278,0.9893950349481803,0.010604965051819716
S08,Uniform,2,300;700,400,0,0,0.188186769187737,0.188186769187737,0.982188174072459,0.9115449505905038,0.08845504940949626
S08,Uniform,3,300;500;700,400,0,0,0.17322150653371715,0.17322150653371715,0.9854296411750552,0.9363702096890817,0.0636297903109183
S08,Uniform,4,300;435;565;700,400,0,0,0.17137910114582772,0.17137910114582772,0.9857878687741276,0.9983128464690287,0.0016871535309713184
S08,Uniform,6,300;380;460;540;620;700,400,0,0,0.16275798215681425,0.16275798215681425,0.9867495280496879,0.9983128464690287,0.0016871535309713184
S08,Uniform,8,300;355;415;470;530;585;645;700,400,0,0,0.1574840091159254,0.1574840091159254,0.9876273484281937,0.9983128464690287,0.0016871535309713184
S09,NAIG,2,365;425,60,65,275,0.18420697506756806,0.1647013018283455,0.9841336245309243,0.9681851048445409,0.03181489515545915
S09,NAIG,3,365;425;480,115,65,220,0.1711728366011811,0.1782984456841316,0.9856349540917121,0.9681851048445409,0.03181489515545915
S09,NAIG,4,365;425;480;620,255,65,80,0.17198092513376753,0.1745910683930663,0.9855999970754242,0.9681851048445409,0.03181489515545915
S09,NAIG,6,365;425;480;620;545;330,290,30,80,0.2439253294298589,0.2614266991156874,0.9755328231054942,0.9893950349481803,0.010604965051819716
S09,NAIG,8,365;425;480;620;545;330;505;305,315,5,80,0.23172333201285647,0.23430098000569768,0.9751073251394629,0.9983128464690287,0.0016871535309713184
S09,Uniform,2,300;700,400,0,0,0.2247111066133422,0.2247111066133422,0.9758975425570943,0.9115449505905038,0.08845504940949626
S09,Uniform,3,300;500;700,400,0,0,0.1992801398938974,0.1992801398938974,0.9799465123953962,0.9363702096890817,0.0636297903109183
S09,Uniform,4,300;435;565;700,400,0,0,0.20507869936416298,0.20507869936416298,0.9787727598124063,0.9983128464690287,0.0016871535309713184
S09,Uniform,6,300;380;460;540;620;700,400,0,0,0.19623624009384819,0.19623624009384819,0.9806675537325014,0.9983128464690287,0.0016871535309713184
S09,Uniform,8,300;355;415;470;530;585;645;700,400,0,0,0.167953973710123,0.167953973710123,0.9865283947819796,0.9983128464690287,0.0016871535309713184
S10,NAIG,2,365;425,60,65,275,0.2754662944825802,0.24941388231281753,0.9633329567412288,0.9681851048445409,0.03181489515545915
S10,NAIG,3,365;425;620,255,65,80,0.2743506809641608,0.34400970954247606,0.9635055979646328,0.9681851048445409,0.03181489515545915
S10,NAIG,4,365;425;620;450,255,65,80,0.2328776843940264,0.24555149167388635,0.9726967190990059,0.9681851048445409,0.03181489515545915
S10,NAIG,6,365;425;620;450;545;695,330,65,5,0.23063795375671753,0.2384332732875394,0.9731634878038428,0.9681851048445409,0.03181489515545915
S10,NAIG,8,365;425;620;450;545;695;505;475,330,65,5,0.22699919177879863,0.22902559970729858,0.9739401472406272,0.9681851048445409,0.03181489515545915
S10,Uniform,2,300;700,400,0,0,0.3239405714264444,0.3239405714264444,0.9477322571132744,0.9115449505905038,0.08845504940949626
S10,Uniform,3,300;500;700,400,0,0,0.32006495835375715,0.32006495835375715,0.9517461285422246,0.9363702096890817,0.0636297903109183
S10,Uniform,4,300;435;565;700,400,0,0,0.33058192893840027,0.33058192893840027,0.9507656677935968,0.9983128464690287,0.0016871535309713184
S10,Uniform,6,300;380;460;540;620;700,400,0,0,0.3000909388247618,0.3000909388247618,0.9550749424718529,0.9983128464690287,0.0016871535309713184
S10,Uniform,8,300;355;415;470;530;585;645;700,400,0,0,0.2518483130967748,0.2518483130967748,0.9691169625751462,0.9983128464690287,0.0016871535309713184
S11,NAIG,2,365;425,60,65,275,0.23805643713539332,0.22303372246041756,0.9753794916558921,0.9681851048445409,0.03181489515545915
S11,NAIG,3,365;425;480,115,65,220,0.2193459312538267,0.24822797388622522,0.9779372401753493,0.9681851048445409,0.03181489515545915
S11,NAIG,4,365;425;480;620,255,65,80,0.21895262962621864,0.23076777140861018,0.97802713611305,0.9681851048445409,0.03181489515545915
S11,NAIG,6,365;425;480;620;545;330,290,30,80,0.29344661591821847,0.3019562134412935,0.9665077924329316,0.9893950349481803,0.010604965051819716
S11,NAIG,8,365;425;480;620;545;330;505;305,315,5,80,0.2639628023836763,0.2620832213489939,0.9646192488357911,0.9983128464690287,0.0016871535309713184
S11,Uniform,2,300;700,400,0,0,0.2619179051398478,0.2619179051398478,0.9668412076204576,0.9115449505905038,0.08845504940949626
S11,Uniform,3,300;500;700,400,0,0,0.2558778823539781,0.2558778823539781,0.9703049749115866,0.9363702096890817,0.0636297903109183
S11,Uniform,4,300;435;565;700,400,0,0,0.2637237504303027,0.2637237504303027,0.9678764444726567,0.9983128464690287,0.0016871535309713184
S11,Uniform,6,300;380;460;540;620;700,400,0,0,0.24428203929153208,0.24428203929153208,0.9702103098353627,0.9983128464690287,0.0016871535309713184
S11,Uniform,8,300;355;415;470;530;585;645;700,400,0,0,0.18968189175429165,0.18968189175429165,0.9819431266265356,0.9983128464690287,0.0016871535309713184
S12,NAIG,2,365;425,60,65,275,0.21078947840751147,0.1910162121423697,0.979197259288967,0.9681851048445409,0.03181489515545915
S12,NAIG,3,365;425;480,115,65,220,0.2022252841054527,0.21391134712855833,0.980255168422272,0.9681851048445409,0.03181489515545915
S12,NAIG,4,365;425;480;620,255,65,80,0.2004067540891034,0.20031083126195715,0.9806530145449408,0.9681851048445409,0.03181489515545915
S12,NAIG,6,365;425;480;620;545;330,290,30,80,0.27086946881468577,0.28144207377504427,0.9710928565300881,0.9893950349481803,0.010604965051819716
S12,NAIG,8,365;425;480;620;545;330;400;505,290,30,80,0.22291960759994967,0.21855698143779229,0.9776686788843264,0.9893950349481803,0.010604965051819716
S12,Uniform,2,300;700,400,0,0,0.22640166272725012,0.22640166272725012,0.9741856073723025,0.9115449505905038,0.08845504940949626
S12,Uniform,3,300;500;700,400,0,0,0.2113110458876947,0.2113110458876947,0.9778096029128881,0.9363702096890817,0.0636297903109183
S12,Uniform,4,300;435;565;700,400,0,0,0.21936039870856702,0.21936039870856702,0.976070043431952,0.9983128464690287,0.0016871535309713184
S12,Uniform,6,300;380;460;540;620;700,400,0,0,0.2025180204877207,0.2025180204877207,0.9792789745639773,0.9983128464690287,0.0016871535309713184
S12,Uniform,8,300;355;415;470;530;585;645;700,400,0,0,0.18069930464580053,0.18069930464580053,0.9838873267059056,0.9983128464690287,0.0016871535309713184
S13,NAIG,2,365;425,60,65,275,0.21370064927391483,0.1984907470778301,0.9809275912198614,0.9681851048445409,0.03181489515545915
S13,NAIG,3,365;425;480,115,65,220,0.1996236791881607,0.21532051072106087,0.9824794787355375,0.9681851048445409,0.03181489515545915
S13,NAIG,4,365;425;480;620,255,65,80,0.19829863372674122,0.20499595815396712,0.982306678834831,0.9681851048445409,0.03181489515545915
S13,NAIG,6,365;425;480;620;545;685,320,65,15,0.19460824021048048,0.19704294888039076,0.9826859997223658,0.9681851048445409,0.03181489515545915
S13,NAIG,8,365;425;480;620;545;685;505;450,320,65,15,0.18916299285700722,0.18701849830176248,0.9829385349151636,0.9681851048445409,0.03181489515545915
S13,Uniform,2,300;700,400,0,0,0.2430146771654591,0.2430146771654591,0.9703818588393666,0.9115449505905038,0.08845504940949626
S13,Uniform,3,300;500;700,400,0,0,0.23535722789845617,0.23535722789845617,0.9732259508455102,0.9363702096890817,0.0636297903109183
S13,Uniform,4,300;435;565;700,400,0,0,0.24786638600054853,0.24786638600054853,0.9701756240598438,0.9983128464690287,0.0016871535309713184
S13,Uniform,6,300;380;460;540;620;700,400,0,0,0.21509979613255864,0.21509979613255864,0.9769639972842397,0.9983128464690287,0.0016871535309713184
S13,Uniform,8,300;355;415;470;530;585;645;700,400,0,0,0.17799125508421124,0.17799125508421124,0.9842383613569741,0.9983128464690287,0.0016871535309713184
S14,NAIG,2,365;620,255,65,80,0.36990907329036626,0.5304529424973126,0.9447588142996007,0.9681851048445409,0.03181489515545915
S14,NAIG,3,365;620;480,255,65,80,0.3351861712470878,0.4647058456416617,0.9503103898510877,0.9681851048445409,0.03181489515545915
S14,NAIG,4,365;620;480;425,255,65,80,0.28218267173967226,0.3534514867352116,0.9626888740071278,0.9681851048445409,0.03181489515545915
S14,NAIG,6,365;620;480;425;545;325,295,25,80,0.3564762414690246,0.38179486404529506,0.9481909818976046,0.9910821884791516,0.008917811520848397
S14,NAIG,8,365;620;480;425;545;325;525;450,295,25,80,0.32739108070894274,0.3435364818197405,0.9546847661577421,0.9910821884791516,0.008917811520848397
S14,Uniform,2,300;700,400,0,0,0.31438290456055207,0.31438290456055207,0.949691650313351,0.9115449505905038,0.08845504940949626
S14,Uniform,3,300;500;700,400,0,0,0.30697056842460785,0.30697056842460785,0.9538597883808299,0.9363702096890817,0.0636297903109183
S14,Uniform,4,300;435;565;700,400,0,0,0.31931489264701846,0.31931489264701846,0.9513245575699193,0.9983128464690287,0.0016871535309713184
S14,Uniform,6,300;380;460;540;620;700,400,0,0,0.2853299547679544,0.2853299547679544,0.9592694263475157,0.9983128464690287,0.0016871535309713184
S14,Uniform,8,300;355;415;470;530;585;645;700,400,0,0,0.23754971007943187,0.23754971007943187,0.9726133489166786,0.9983128464690287,0.0016871535309713184
S15,NAIG,2,365;425,60,65,275,0.17973215202043769,0.16956828958176268,0.9838874143576395,0.9681851048445409,0.03181489515545915
S15,NAIG,3,365;425;620,255,65,80,0.17659546416781335,0.17005843326085113,0.9846431328307992,0.9681851048445409,0.03181489515545915
S15,NAIG,4,365;425;620;545,255,65,80,0.17664495398329186,0.17217256263840602,0.9844587679552328,0.9681851048445409,0.03181489515545915
S15,NAIG,6,365;425;620;545;475;345,275,45,80,0.18235663089380139,0.18092464532290323,0.9848155846616012,0.9930103639431188,0.0069896360568811764
S15,NAIG,8,365;425;620;545;475;345;505;305,315,5,80,0.19293585309495254,0.19158652060700915,0.9817058650552861,0.997589780670041,0.002410219329959026
S15,Uniform,2,300;700,400,0,0,0.17669130038609385,0.17669130038609385,0.9842665949039989,0.9115449505905038,0.08845504940949626
S15,Uniform,3,300;500;700,400,0,0,0.16053334125164004,0.16053334125164004,0.9880811465646064,0.9363702096890817,0.0636297903109183
S15,Uniform,4,300;435;565;700,400,0,0,0.16424413270260035,0.16424413270260035,0.9865758515554546,0.9983128464690287,0.0016871535309713184
S15,Uniform,6,300;380;460;540;620;700,400,0,0,0.1563736326309432,0.1563736326309432,0.987702486568628,0.9983128464690287,0.0016871535309713184
S15,Uniform,8,300;355;415;470;530;585;645;700,400,0,0,0.14947804368828174,0.14947804368828174,0.9888013285370817,0.9983128464690287,0.0016871535309713184
S16,NAIG,2,365;425,60,65,275,0.23392504171128084,0.15820494966319493,0.9734559453171963,0.9681851048445409,0.03181489515545915
S16,NAIG,3,365;425;480,115,65,220,0.22324259983229464,0.21277269999794823,0.9751242983313262,0.9681851048445409,0.03181489515545915
S16,NAIG,4,365;425;480;620,255,65,80,0.21923782591378058,0.2037551163355815,0.9759846076710876,0.9681851048445409,0.03181489515545915
S16,NAIG,6,365;425;480;620;545;325,295,25,80,0.299099421297745,0.30990355889517635,0.9656738186492807,0.9910821884791516,0.008917811520848397
S16,NAIG,8,365;425;480;620;545;325;505;400,295,25,80,0.26050509098175223,0.26444361112197906,0.970080878154002,0.9910821884791516,0.008917811520848397
S16,Uniform,2,300;700,400,0,0,0.2502829153483109,0.2502829153483109,0.9681814635061259,0.9115449505905038,0.08845504940949626
S16,Uniform,3,300;500;700,400,0,0,0.23910721230687162,0.23910721230687162,0.9722001316394338,0.9363702096890817,0.0636297903109183
S16,Uniform,4,300;435;565;700,400,0,0,0.2400489558737602,0.2400489558737602,0.9719982728004404,0.9983128464690287,0.0016871535309713184
S16,Uniform,6,300;380;460;540;620;700,400,0,0,0.2217394752949569,0.2217394752949569,0.9751160259577961,0.9983128464690287,0.0016871535309713184
S16,Uniform,8,300;355;415;470;530;585;645;700,400,0,0,0.1959441663946135,0.1959441663946135,0.9817267040528744,0.9983128464690287,0.0016871535309713184
S17,NAIG,2,365;425,60,65,275,0.2087258104443328,0.18492988409483524,0.9804862412031417,0.9681851048445409,0.03181489515545915
S17,NAIG,3,365;425;480,115,65,220,0.20587893622605263,0.19865937935608186,0.9807673437439411,0.9681851048445409,0.03181489515545915
S17,NAIG,4,365;425;480;620,255,65,80,0.20459137422223517,0.18926345796743274,0.9808439129742588,0.9681851048445409,0.03181489515545915
S17,NAIG,6,365;425;480;620;545;325,295,25,80,0.22162272651698942,0.2085880311443806,0.9793046005631526,0.9910821884791516,0.008917811520848397
S17,NAIG,8,365;425;480;620;545;325;505;400,295,25,80,0.20924215921181782,0.19357324487124114,0.9807716095435429,0.9910821884791516,0.008917811520848397
S17,Uniform,2,300;700,400,0,0,0.2403465753657079,0.2403465753657079,0.9714743859351791,0.9115449505905038,0.08845504940949626
S17,Uniform,3,300;500;700,400,0,0,0.22121242897519533,0.22121242897519533,0.9786592538389488,0.9363702096890817,0.0636297903109183
S17,Uniform,4,300;435;565;700,400,0,0,0.21962100842765478,0.21962100842765478,0.9788599081587669,0.9983128464690287,0.0016871535309713184
S17,Uniform,6,300;380;460;540;620;700,400,0,0,0.1982739222337553,0.1982739222337553,0.9805839152078647,0.9983128464690287,0.0016871535309713184
S17,Uniform,8,300;355;415;470;530;585;645;700,400,0,0,0.16864813209327992,0.16864813209327992,0.985685273387483,0.9983128464690287,0.0016871535309713184
S18,NAIG,2,365;480,115,65,220,0.20902517487942712,0.25203843569873613,0.9820253932047738,0.9681851048445409,0.03181489515545915
S18,NAIG,3,365;480;545,180,65,155,0.2053009499500403,0.23620962403239273,0.98264878538098,0.9681851048445409,0.03181489515545915
S18,NAIG,4,365;480;545;425,180,65,155,0.24566627176571576,0.25856575543922594,0.9781772353730486,0.9681851048445409,0.03181489515545915
S18,NAIG,6,365;480;545;425;620;330,290,30,80,0.21768253204096522,0.22415199135145322,0.9816261558514224,0.9893950349481803,0.010604965051819716
S18,NAIG,8,365;480;545;425;620;330;505;305,315,5,80,0.21460933105359872,0.2133281896669171,0.9781508033351151,0.9983128464690287,0.0016871535309713184
S18,Uniform,2,300;700,400,0,0,0.20854544102958084,0.20854544102958084,0.9783206210699391,0.9115449505905038,0.08845504940949626
S18,Uniform,3,300;500;700,400,0,0,0.18458988030776524,0.18458988030776524,0.9832915499097334,0.9363702096890817,0.0636297903109183
S18,Uniform,4,300;435;565;700,400,0,0,0.18744109918151913,0.18744109918151913,0.982993809004756,0.9983128464690287,0.0016871535309713184
S18,Uniform,6,300;380;460;540;620;700,400,0,0,0.18317180947724515,0.18317180947724515,0.9833292788006447,0.9983128464690287,0.0016871535309713184
S18,Uniform,8,300;355;415;470;530;585;645;700,400,0,0,0.1604529779558547,0.1604529779558547,0.9873458481198292,0.9983128464690287,0.0016871535309713184
S19,NAIG,2,325;410,85,25,290,0.35281973778213693,0.270594374276999,0.9460739274305088,0.9910821884791516,0.008917811520848397
S19,NAIG,3,325;410;610,285,25,90,0.3111827800659562,0.3336489461627689,0.9543851336585077,0.9910821884791516,0.008917811520848397
S19,NAIG,4,325;410;610;475,285,25,90,0.3892085432380679,0.3894361682752848,0.9349308795840174,0.9910821884791516,0.008917811520848397
S19,NAIG,6,325;410;610;475;365;495,285,25,90,0.3986399685313323,0.43189706704291964,0.9363476346913006,0.9910821884791516,0.008917811520848397
S19,NAIG,8,325;410;610;475;365;495;305;700,395,5,0,0.3705990349710317,0.3720065531433526,0.9291756453963929,0.9987948903350204,0.001205109664979513
S19,Uniform,2,300;700,400,0,0,0.3761516602116632,0.3761516602116632,0.931638160059073,0.9115449505905038,0.08845504940949626
S19,Uniform,3,300;500;700,400,0,0,0.35082833404422836,0.35082833404422836,0.9415117283302602,0.9363702096890817,0.0636297903109183
S19,Uniform,4,300;435;565;700,400,0,0,0.3663465776660978,0.3663465776660978,0.9331545130038122,0.9983128464690287,0.0016871535309713184
S19,Uniform,6,300;380;460;540;620;700,400,0,0,0.3001222813488381,0.3001222813488381,0.9547865995978071,0.9983128464690287,0.0016871535309713184
S19,Uniform,8,300;355;415;470;530;585;645;700,400,0,0,0.24314941557132294,0.24314941557132294,0.9717487435777057,0.9983128464690287,0.0016871535309713184
S20,NAIG,2,365;480,115,65,220,0.2716722050495158,0.3474799786189117,0.9676960878727624,0.9681851048445409,0.03181489515545915
S20,NAIG,3,365;480;630,265,65,70,0.2660303151598927,0.33436718035465995,0.9698673569407376,0.9681851048445409,0.03181489515545915
S20,NAIG,4,365;480;630;545,265,65,70,0.2656429882286318,0.3333482851502859,0.9697190452305053,0.9681851048445409,0.03181489515545915
S20,NAIG,6,365;480;630;545;425;695,330,65,5,0.2278136162872385,0.25839946101335703,0.9755921191952751,0.9681851048445409,0.03181489515545915
S20,NAIG,8,365;480;630;545;425;695;510;400,330,65,5,0.24661118488257522,0.2902410726286879,0.9713875409034151,0.9766208724993974,0.023379127500602555
S20,Uniform,2,300;700,400,0,0,0.290049147215651,0.290049147215651,0.9642711187497093,0.9115449505905038,0.08845504940949626
S20,Uniform,3,300;500;700,400,0,0,0.2840854210461063,0.2840854210461063,0.9709158932662498,0.9363702096890817,0.0636297903109183
S20,Uniform,4,300;435;565;700,400,0,0,0.2931076073380487,0.2931076073380487,0.9680782169563975,0.9983128464690287,0.0016871535309713184
S20,Uniform,6,300;380;460;540;620;700,400,0,0,0.25025305171517226,0.25025305171517226,0.9703184004318891,0.9983128464690287,0.0016871535309713184
S20,Uniform,8,300;355;415;470;530;585;645;700,400,0,0,0.20205865945573548,0.20205865945573548,0.9795544376373588,0.9983128464690287,0.0016871535309713184
S21,NAIG,2,365;545,180,65,155,0.705752877407163,0.6250855891365483,0.7569746694220071,0.9681851048445409,0.03181489515545915
S21,NAIG,3,365;545;480,180,65,155,0.6848498063105026,0.5912507607304912,0.7705168024217488,0.9681851048445409,0.03181489515545915
S21,NAIG,4,365;545;480;620,255,65,80,0.6850348476261097,0.5878994372610346,0.7697872047790265,0.9681851048445409,0.03181489515545915
S21,NAIG,6,365;545;480;620;425;695,330,65,5,0.6584072730114363,0.5429385893352151,0.7988341802038599,0.9681851048445409,0.03181489515545915
S21,NAIG,8,365;545;480;620;425;695;505;450,330,65,5,0.6334682557787704,0.5006566575457566,0.8209399745268212,0.9681851048445409,0.03181489515545915
S21,Uniform,2,300;700,400,0,0,0.662074646325469,0.662074646325469,0.7628724092048386,0.9115449505905038,0.08845504940949626
S21,Uniform,3,300;500;700,400,0,0,0.6437700972203241,0.6437700972203241,0.7853883294414046,0.9363702096890817,0.0636297903109183
S21,Uniform,4,300;435;565;700,400,0,0,0.6398349795176516,0.6398349795176516,0.7708309291668166,0.9983128464690287,0.0016871535309713184
S21,Uniform,6,300;380;460;540;620;700,400,0,0,0.5742383875419789,0.5742383875419789,0.8212778860219655,0.9983128464690287,0.0016871535309713184
S21,Uniform,8,300;355;415;470;530;585;645;700,400,0,0,0.5493426874227995,0.5493426874227995,0.8358212260565356,0.9983128464690287,0.0016871535309713184
S22,NAIG,2,365;695,330,65,5,0.5834917585256404,0.5032092945284421,0.8343705383332308,0.9681851048445409,0.03181489515545915
S22,NAIG,3,365;695;425,330,65,5,0.5610275765511509,0.4677156905497314,0.8593257286383392,0.9681851048445409,0.03181489515545915
S22,NAIG,4,365;695;425;545,330,65,5,0.530947916368783,0.41803932828208834,0.8663943090928538,0.9681851048445409,0.03181489515545915
S22,NAIG,6,365;695;425;545;480;620,330,65,5,0.524098261395611,0.40626797021036076,0.8714549280583114,0.9681851048445409,0.03181489515545915
S22,NAIG,8,365;695;425;545;480;620;315;335,380,15,5,0.5959221833485138,0.5636045529634989,0.808018659262276,0.9980718245360328,0.001928175463967221
S22,Uniform,2,300;700,400,0,0,0.6056297417454498,0.6056297417454498,0.82326233878717,0.9115449505905038,0.08845504940949626
S22,Uniform,3,300;500;700,400,0,0,0.5839165807504517,0.5839165807504517,0.8370572009223035,0.9363702096890817,0.0636297903109183
S22,Uniform,4,300;435;565;700,400,0,0,0.5588484497197718,0.5588484497197718,0.8304269309603818,0.9983128464690287,0.0016871535309713184
S22,Uniform,6,300;380;460;540;620;700,400,0,0,0.4786111274389454,0.4786111274389454,0.8829578592295221,0.9983128464690287,0.0016871535309713184
S22,Uniform,8,300;355;415;470;530;585;645;700,400,0,0,0.46620927543182694,0.46620927543182694,0.884720308256242,0.9983128464690287,0.0016871535309713184
S23,NAIG,2,400;660,260,100,40,0.29765382218665165,0.3061980556978407,0.9559735654074422,0.9402265606170161,0.05977343938298385
S23,NAIG,3,400;660;620,260,100,40,0.3003173944670355,0.3117390991771796,0.9563948996467442,0.9402265606170161,0.05977343938298385
S23,NAIG,4,400;660;620;535,260,100,40,0.2995580076321036,0.3101474123433819,0.9555739544234509,0.9402265606170161,0.05977343938298385
S23,NAIG,6,400;660;620;535;365;435,295,65,40,0.29208647927337755,0.27726380853778143,0.9583510899915892,0.9766208724993974,0.023379127500602555
S23,NAIG,8,400;660;620;535;365;435;695;505,330,65,5,0.29217226849078376,0.27625365515807565,0.9573301177063931,0.9766208724993974,0.023379127500602555
S23,Uniform,2,300;700,400,0,0,0.2543826308307444,0.2543826308307444,0.968179106193197,0.9115449505905038,0.08845504940949626
S23,Uniform,3,300;500;700,400,0,0,0.2504417184024785,0.2504417184024785,0.9717251609995224,0.9363702096890817,0.0636297903109183
S23,Uniform,4,300;435;565;700,400,0,0,0.24865355520133717,0.24865355520133717,0.9706384992859524,0.9983128464690287,0.0016871535309713184
S23,Uniform,6,300;380;460;540;620;700,400,0,0,0.21414230430522538,0.21414230430522538,0.9768578586609172,0.9983128464690287,0.0016871535309713184
S23,Uniform,8,300;355;415;470;530;585;645;700,400,0,0,0.18273503558081114,0.18273503558081114,0.9833177891311555,0.9983128464690287,0.0016871535309713184
S24,NAIG,2,365;425,60,65,275,0.2923005490473331,0.2582955475573408,0.9578439393650388,0.9681851048445409,0.03181489515545915
S24,NAIG,3,365;425;480,115,65,220,0.2916590811751421,0.28349360269919854,0.9584681640154713,0.9681851048445409,0.03181489515545915
S24,NAIG,4,365;425;480;620,255,65,80,0.28862972596899683,0.26220118957887256,0.9585269089740464,0.9681851048445409,0.03181489515545915
S24,NAIG,6,365;425;480;620;545;330,290,30,80,0.31299623433473295,0.2963992893519958,0.9522586669359164,0.9893950349481803,0.010604965051819716
S24,NAIG,8,365;425;480;620;545;330;505;305,315,5,80,0.35184465955960864,0.3497682221065623,0.9365100277359081,0.9983128464690287,0.0016871535309713184
S24,Uniform,2,300;700,400,0,0,0.33013369041102064,0.33013369041102064,0.9440117535998497,0.9115449505905038,0.08845504940949626
S24,Uniform,3,300;500;700,400,0,0,0.3087848663628696,0.3087848663628696,0.9525798686480056,0.9363702096890817,0.0636297903109183
S24,Uniform,4,300;435;565;700,400,0,0,0.3058499866893925,0.3058499866893925,0.9527391164660464,0.9983128464690287,0.0016871535309713184
S24,Uniform,6,300;380;460;540;620;700,400,0,0,0.2778045953521917,0.2778045953521917,0.9625195846062291,0.9983128464690287,0.0016871535309713184
S24,Uniform,8,300;355;415;470;530;585;645;700,400,0,0,0.2705126469652889,0.2705126469652889,0.9627229468886859,0.9983128464690287,0.0016871535309713184
S25,NAIG,2,365;425,60,65,275,0.21786608453076753,0.18051766338444486,0.9788665570925438,0.9681851048445409,0.03181489515545915
S25,NAIG,3,365;425;480,115,65,220,0.20928158218396903,0.2348770473236328,0.9795661885950809,0.9681851048445409,0.03181489515545915
S25,NAIG,4,365;425;480;620,255,65,80,0.2075317124760453,0.22939358143076138,0.979782486523331,0.9681851048445409,0.03181489515545915
S25,NAIG,6,365;425;480;620;660;695,330,65,5,0.20688332502879436,0.22596667144096283,0.979964226386082,0.9681851048445409,0.03181489515545915
S25,NAIG,8,365;425;480;620;660;695;450;505,330,65,5,0.18649537909092156,0.1850523404298631,0.9829942386158024,0.9681851048445409,0.03181489515545915
S25,Uniform,2,300;700,400,0,0,0.2725650824699425,0.2725650824699425,0.9650204758189125,0.9115449505905038,0.08845504940949626
S25,Uniform,3,300;500;700,400,0,0,0.26050586664241066,0.26050586664241066,0.9736527795287035,0.9363702096890817,0.0636297903109183
S25,Uniform,4,300;435;565;700,400,0,0,0.2696569660732324,0.2696569660732324,0.96848156200734,0.9983128464690287,0.0016871535309713184
S25,Uniform,6,300;380;460;540;620;700,400,0,0,0.23292599844540415,0.23292599844540415,0.9741388612397209,0.9983128464690287,0.0016871535309713184
S25,Uniform,8,300;355;415;470;530;585;645;700,400,0,0,0.19199236371468273,0.19199236371468273,0.981545934333674,0.9983128464690287,0.0016871535309713184
S26,NAIG,2,365;425,60,65,275,0.24521383013235956,0.1933395364696006,0.9701265846523147,0.9681851048445409,0.03181489515545915
S26,NAIG,3,365;425;620,255,65,80,0.24631792407702036,0.2234582629713009,0.9697775117318898,0.9681851048445409,0.03181489515545915
S26,NAIG,4,365;425;620;545,255,65,80,0.24569924374189867,0.22490891210512942,0.9698954468220757,0.9681851048445409,0.03181489515545915
S26,NAIG,6,365;425;620;545;475;345,275,45,80,0.26119079825337316,0.2510704629147643,0.9681656653258283,0.9930103639431188,0.0069896360568811764
S26,NAIG,8,365;425;620;545;475;345;505;305,315,5,80,0.26255359749801127,0.25886281889986945,0.9649808584146612,0.997589780670041,0.002410219329959026
S26,Uniform,2,300;700,400,0,0,0.27576729119338256,0.27576729119338256,0.9622722100514295,0.9115449505905038,0.08845504940949626
S26,Uniform,3,300;500;700,400,0,0,0.2572379138865162,0.2572379138865162,0.9695460513017461,0.9363702096890817,0.0636297903109183
S26,Uniform,4,300;435;565;700,400,0,0,0.28465967036693757,0.28465967036693757,0.9586351710066259,0.9983128464690287,0.0016871535309713184
S26,Uniform,6,300;380;460;540;620;700,400,0,0,0.234144126848677,0.234144126848677,0.9734812962972811,0.9983128464690287,0.0016871535309713184
S26,Uniform,8,300;355;415;470;530;585;645;700,400,0,0,0.2241978829867014,0.2241978829867014,0.9745602909209181,0.9983128464690287,0.0016871535309713184
S27,NAIG,2,365;620,255,65,80,0.24044831225049004,0.2296125169687946,0.9721536766340129,0.9681851048445409,0.03181489515545915
S27,NAIG,3,365;620;545,255,65,80,0.23844468472449767,0.22700130642877753,0.9726175677210835,0.9681851048445409,0.03181489515545915
S27,NAIG,4,365;620;545;450,255,65,80,0.24452900396573884,0.23446183118246333,0.9717413838756667,0.9681851048445409,0.03181489515545915
S27,NAIG,6,365;620;545;450;425;685,320,65,15,0.2362743794849819,0.21908592115515124,0.9727827874052392,0.9681851048445409,0.03181489515545915
S27,NAIG,8,365;620;545;450;425;685;475;505,320,65,15,0.22744283016075906,0.2051594754563131,0.9743244789050548,0.9681851048445409,0.03181489515545915
S27,Uniform,2,300;700,400,0,0,0.27385786612778934,0.27385786612778934,0.9619251599407743,0.9115449505905038,0.08845504940949626
S27,Uniform,3,300;500;700,400,0,0,0.2356427467533974,0.2356427467533974,0.9723697440082845,0.9363702096890817,0.0636297903109183
S27,Uniform,4,300;435;565;700,400,0,0,0.2374021473942308,0.2374021473942308,0.9715801379523779,0.9983128464690287,0.0016871535309713184
S27,Uniform,6,300;380;460;540;620;700,400,0,0,0.21649719292924052,0.21649719292924052,0.9769926488538364,0.9983128464690287,0.0016871535309713184
S27,Uniform,8,300;355;415;470;530;585;645;700,400,0,0,0.2131811646475677,0.2131811646475677,0.9771014758419247,0.9983128464690287,0.0016871535309713184
S28,NAIG,2,365;425,60,65,275,0.18301208491652401,0.1701532871054708,0.9834223957895636,0.9681851048445409,0.03181489515545915
S28,NAIG,3,365;425;620,255,65,80,0.17918064241347992,0.17390986340313552,0.9838537853660864,0.9681851048445409,0.03181489515545915
S28,NAIG,4,365;425;620;545,255,65,80,0.1778006599241795,0.17265375421355053,0.984110571698134,0.9681851048445409,0.03181489515545915
S28,NAIG,6,365;425;620;545;465;335,285,35,80,0.19727276279525682,0.19606085486928262,0.980547392856881,0.9915642323451435,0.008435767654856591
S28,NAIG,8,365;425;620;545;465;335;660;505,325,35,40,0.18947049194149543,0.18550879934787662,0.9818996045067424,0.9915642323451435,0.008435767654856591
S28,Uniform,2,300;700,400,0,0,0.20888129621251886,0.20888129621251886,0.9779792736314376,0.9115449505905038,0.08845504940949626
S28,Uniform,3,300;500;700,400,0,0,0.1949824094361355,0.1949824094361355,0.98188903044353,0.9363702096890817,0.0636297903109183
S28,Uniform,4,300;435;565;700,400,0,0,0.19297397467603222,0.19297397467603222,0.9812234764716483,0.9983128464690287,0.0016871535309713184
S28,Uniform,6,300;380;460;540;620;700,400,0,0,0.18353297015490266,0.18353297015490266,0.9831060201998367,0.9983128464690287,0.0016871535309713184
S28,Uniform,8,300;355;415;470;530;585;645;700,400,0,0,0.17438120901720391,0.17438120901720391,0.9848276937348605,0.9983128464690287,0.0016871535309713184
S30,NAIG,2,365;425,60,65,275,0.1914018211363729,0.17677910711155445,0.982361640228894,0.9681851048445409,0.03181489515545915
S30,NAIG,3,365;425;480,115,65,220,0.1876274345635242,0.18815986525225722,0.9829688796053162,0.9681851048445409,0.03181489515545915
S30,NAIG,4,365;425;480;620,255,65,80,0.18202395615364403,0.18627497047767969,0.9838172652272964,0.9681851048445409,0.03181489515545915
S30,NAIG,6,365;425;480;620;545;330,290,30,80,0.19991659909698803,0.20330137716945207,0.9814507127032264,0.9893950349481803,0.010604965051819716
S30,NAIG,8,365;425;480;620;545;330;505;400,290,30,80,0.1920741177875507,0.19283477281859462,0.9825018572646291,0.9893950349481803,0.010604965051819716
S30,Uniform,2,300;700,400,0,0,0.18703014480420446,0.18703014480420446,0.9823849279456622,0.9115449505905038,0.08845504940949626
S30,Uniform,3,300;500;700,400,0,0,0.17375960334957233,0.17375960334957233,0.9849124570266998,0.9363702096890817,0.0636297903109183
S30,Uniform,4,300;435;565;700,400,0,0,0.18202224832899425,0.18202224832899425,0.9834006984617255,0.9983128464690287,0.0016871535309713184
S30,Uniform,6,300;380;460;540;620;700,400,0,0,0.1746912293487718,0.1746912293487718,0.9846799148195332,0.9983128464690287,0.0016871535309713184
S30,Uniform,8,300;355;415;470;530;585;645;700,400,0,0,0.15785883770970807,0.15785883770970807,0.9876979322419306,0.9983128464690287,0.0016871535309713184
