site_id,strategy,K,selected_ex,relative_frobenius_error_fullrange,relative_frobenius_error_interpdomain,spectral_cosine_fullrange,spectral_cosine_interpdomain,reconstruction_supported_fraction_fullrange,unsupported_fraction_fullrange
S01,NAIG,2,425;360,0.3431711049907139,0.2582561837882179,0.9420221537173884,0.9666708127872116,0.9715594119064836,0.0284405880935165
S01,NAIG,3,425;360;620,0.3379452255587085,0.3326369533360788,0.9443040161152336,0.9432985447864176,0.9715594119064836,0.0284405880935165
S01,NAIG,4,425;360;620;500,0.3420752980869568,0.3355527923479786,0.9439581438091406,0.9426080823906028,0.9715594119064836,0.0284405880935165
S01,NAIG,6,425;360;620;500;465;305,0.3345113561969025,0.3362687471853707,0.943615809779028,0.9441430310397813,0.997589780670041,0.002410219329959
S01,NAIG,8,425;360;620;500;465;305;540;660,0.3369521676841719,0.3370222096580074,0.9415876295387926,0.9417091586937494,0.997589780670041,0.002410219329959
S01,Uniform,2,300;700,0.327355263442868,0.327355263442868,0.950043523151404,0.950043523151404,0.9115449505905038,0.0884550494094962
S01,Uniform,3,300;500;700,0.3075768474512234,0.3075768474512234,0.9574818961531436,0.9574818961531436,0.9363702096890816,0.0636297903109183
S01,Uniform,4,300;435;565;700,0.3116320509885442,0.3116320509885442,0.9531934357656188,0.9531934357656188,0.9983128464690288,0.0016871535309713
S01,Uniform,6,300;380;460;540;620;700,0.2198197509475868,0.2198197509475868,0.9759571781574108,0.9759571781574108,0.9983128464690288,0.0016871535309713
S01,Uniform,8,300;355;415;470;530;585;645;700,0.1868636258078168,0.1868636258078168,0.982578552736072,0.982578552736072,0.9983128464690288,0.0016871535309713
S02,NAIG,2,365;620,0.2865436128203683,0.3192341124666924,0.9581198508447448,0.9486929618498642,0.9681851048445408,0.0318148951554591
S02,NAIG,3,365;620;450,0.2894734227446678,0.3149210447686036,0.957471065512639,0.9491777030950826,0.9681851048445408,0.0318148951554591
S02,NAIG,4,365;620;450;695,0.2866160834275745,0.3124083041847794,0.9582257302870886,0.9499482774880672,0.9681851048445408,0.0318148951554591
S02,NAIG,6,365;620;450;695;545;425,0.7306087894888652,0.8590136410633583,0.8617272759531899,0.8411315712931892,0.9681851048445408,0.0318148951554591
S02,NAIG,8,365;620;450;695;545;425;475;505,0.2837860306826524,0.3087125543229646,0.9588956932628888,0.9517916469020165,0.9681851048445408,0.0318148951554591
S02,Uniform,2,300;700,0.2825756611006206,0.2825756611006206,0.9619646347128836,0.9619646347128836,0.9115449505905038,0.0884550494094962
S02,Uniform,3,300;500;700,0.2693050395279905,0.2693050395279905,0.9664143333877,0.9664143333877,0.9363702096890816,0.0636297903109183
S02,Uniform,4,300;435;565;700,0.2609068451443687,0.2609068451443687,0.9654460085729322,0.9654460085729322,0.9983128464690288,0.0016871535309713
S02,Uniform,6,300;380;460;540;620;700,0.2098097858918697,0.2098097858918697,0.978491424264273,0.978491424264273,0.9983128464690288,0.0016871535309713
S02,Uniform,8,300;355;415;470;530;585;645;700,0.1943415179946331,0.1943415179946331,0.98162947514538,0.98162947514538,0.9983128464690288,0.0016871535309713
S03,NAIG,2,470;545,0.7777479969515391,0.5721852972859857,0.8682671970964001,0.9510720389855388,0.8522535550735116,0.1477464449264883
S03,NAIG,3,470;545;620,0.6101602573885209,0.4007844234034838,0.901778812704232,0.974100876258186,0.8522535550735116,0.1477464449264883
S03,NAIG,4,470;545;620;425,0.714717812047796,0.5951672645016506,0.8499694839673033,0.894274313249986,0.9346830561581104,0.0653169438418896
S03,NAIG,6,470;545;620;425;375;305,0.4848634815444094,0.4784468639600009,0.8749997844845245,0.879587811975199,0.997589780670041,0.002410219329959
S03,NAIG,8,470;545;620;425;375;305;445;675,0.7190610384657374,0.7182776035609115,0.8662396281279222,0.8676727416171245,0.997589780670041,0.002410219329959
S03,Uniform,2,300;700,0.4622412057781667,0.4622412057781667,0.8927509618719254,0.8927509618719254,0.9115449505905038,0.0884550494094962
S03,Uniform,3,300;500;700,0.380832399630839,0.380832399630839,0.9247508769844942,0.9247508769844942,0.9363702096890816,0.0636297903109183
S03,Uniform,4,300;435;565;700,0.3364728732957402,0.3364728732957402,0.9457036006607438,0.9457036006607438,0.9983128464690288,0.0016871535309713
S03,Uniform,6,300;380;460;540;620;700,0.1867008457860056,0.1867008457860056,0.9824227513217736,0.9824227513217736,0.9983128464690288,0.0016871535309713
S03,Uniform,8,300;355;415;470;530;585;645;700,0.1734598379912205,0.1734598379912205,0.9863949282249332,0.9863949282249332,0.9983128464690288,0.0016871535309713
S04,NAIG,2,425;360,0.5968085181717399,0.6804181979831861,0.8368246058046837,0.8837653581667976,0.9715594119064836,0.0284405880935165
S04,NAIG,3,425;360;620,0.59615131757843,0.7845629994968671,0.8366339061732544,0.8725862689760593,0.9715594119064836,0.0284405880935165
S04,NAIG,4,425;360;620;465,0.562933033246591,0.7069297094929212,0.8438174701904086,0.8628430612552918,0.9715594119064836,0.0284405880935165
S04,NAIG,6,425;360;620;465;545;525,0.5586938063392827,0.6979879562585072,0.8443315730273279,0.8597048885477918,0.9715594119064836,0.0284405880935165
S04,NAIG,8,425;360;620;465;545;525;505;695,0.5568845664047015,0.6863966809434026,0.8447359383242781,0.8605595567202653,0.9715594119064836,0.0284405880935165
S04,Uniform,2,300;700,0.4337658040580569,0.4337658040580569,0.91473874584821,0.91473874584821,0.9115449505905038,0.0884550494094962
S04,Uniform,3,300;500;700,0.4339337273148649,0.4339337273148649,0.9186975621832896,0.9186975621832896,0.9363702096890816,0.0636297903109183
S04,Uniform,4,300;435;565;700,0.4423983051400265,0.4423983051400265,0.917631260685178,0.917631260685178,0.9983128464690288,0.0016871535309713
S04,Uniform,6,300;380;460;540;620;700,0.4250998923174594,0.4250998923174594,0.912732612465352,0.912732612465352,0.9983128464690288,0.0016871535309713
S04,Uniform,8,300;355;415;470;530;585;645;700,0.3580493935409186,0.3580493935409186,0.9349537912339788,0.9349537912339788,0.9983128464690288,0.0016871535309713
S05,NAIG,2,365;620,0.2055627551062287,0.2158338713335414,0.979450800830854,0.9795618829797764,0.9681851048445408,0.0318148951554591
S05,NAIG,3,365;620;435,0.2030280463288714,0.2065495430434034,0.9796244307389156,0.9799542909032334,0.9681851048445408,0.0318148951554591
S05,NAIG,4,365;620;435;545,0.196102301381831,0.1967196713493333,0.9808178535860872,0.9814892585834072,0.9681851048445408,0.0318148951554591
S05,NAIG,6,365;620;435;545;475;345,0.2352678045401217,0.2554258659979509,0.975912749577164,0.9748565748268068,0.9930103639431188,0.0069896360568811
S05,NAIG,8,365;620;435;545;475;345;305;505,0.1930532838976884,0.1917288274800535,0.9811971912302506,0.981492052064016,0.997589780670041,0.002410219329959
S05,Uniform,2,300;700,0.2173135173856565,0.2173135173856565,0.9769431601688946,0.9769431601688946,0.9115449505905038,0.0884550494094962
S05,Uniform,3,300;500;700,0.1854296170638486,0.1854296170638486,0.9826605831713452,0.9826605831713452,0.9363702096890816,0.0636297903109183
S05,Uniform,4,300;435;565;700,0.1887062065457601,0.1887062065457601,0.9820443288479296,0.9820443288479296,0.9983128464690288,0.0016871535309713
S05,Uniform,6,300;380;460;540;620;700,0.1784395404405651,0.1784395404405651,0.9840413075470806,0.9840413075470806,0.9983128464690288,0.0016871535309713
S05,Uniform,8,300;355;415;470;530;585;645;700,0.1719851548689386,0.1719851548689386,0.9860141034011202,0.9860141034011202,0.9983128464690288,0.0016871535309713
S06,NAIG,2,365;425,0.6101482217164914,0.4871653031888763,0.8060942325072347,0.8752345043020758,0.9681851048445408,0.0318148951554591
S06,NAIG,3,365;425;610,0.609841765940359,0.5344455345314476,0.8053492256866607,0.8482870461034987,0.9681851048445408,0.0318148951554591
S06,NAIG,4,365;425;610;545,0.6110132215113956,0.5362467147910394,0.8056072242732015,0.8463186298477621,0.9681851048445408,0.0318148951554591
S06,NAIG,6,365;425;610;545;505;450,0.5675364043500734,0.4707690814090536,0.8423456801144761,0.8822575443607203,0.9681851048445408,0.0318148951554591
S06,NAIG,8,365;425;610;545;505;450;305;695,0.6521715687548343,0.6458428481248036,0.7623170228204911,0.7716587862627801,0.997589780670041,0.002410219329959
S06,Uniform,2,300;700,0.6458905269782164,0.6458905269782164,0.7832669019475084,0.7832669019475084,0.9115449505905038,0.0884550494094962
S06,Uniform,3,300;500;700,0.6383526079779658,0.6383526079779658,0.7820889947878827,0.7820889947878827,0.9363702096890816,0.0636297903109183
S06,Uniform,4,300;435;565;700,0.627489671410028,0.627489671410028,0.7789630282734716,0.7789630282734716,0.9983128464690288,0.0016871535309713
S06,Uniform,6,300;380;460;540;620;700,0.5648078342247765,0.5648078342247765,0.8285099263059743,0.8285099263059743,0.9983128464690288,0.0016871535309713
S06,Uniform,8,300;355;415;470;530;585;645;700,0.5449812609236478,0.5449812609236478,0.8385035477711716,0.8385035477711716,0.9983128464690288,0.0016871535309713
S07,NAIG,2,365;425,0.2716464068492699,0.2129639132540703,0.9657966596222052,0.9792811769491409,0.9681851048445408,0.0318148951554591
S07,NAIG,3,365;425;480,0.2730020780733993,0.2753704641920684,0.964826273426123,0.9623966782620836,0.9681851048445408,0.0318148951554591
S07,NAIG,4,365;425;480;575,0.2681816454573231,0.2823030765371803,0.9655673217000074,0.9598948734334524,0.9681851048445408,0.0318148951554591
S07,NAIG,6,365;425;480;575;510;305,0.3213498276124626,0.3171120554469434,0.9507029540803884,0.9547869350864486,0.997589780670041,0.002410219329959
S07,NAIG,8,365;425;480;575;510;305;695;625,0.307019588097342,0.3049097199080571,0.9555505177863268,0.9577916568904622,0.997589780670041,0.002410219329959
S07,Uniform,2,300;700,0.3262773494004187,0.3262773494004187,0.9551992488199628,0.9551992488199628,0.9115449505905038,0.0884550494094962
S07,Uniform,3,300;500;700,0.3125196672107272,0.3125196672107272,0.9622107253518082,0.9622107253518082,0.9363702096890816,0.0636297903109183
S07,Uniform,4,300;435;565;700,0.3086617941757957,0.3086617941757957,0.9604565923481378,0.9604565923481378,0.9983128464690288,0.0016871535309713
S07,Uniform,6,300;380;460;540;620;700,0.2739200048154785,0.2739200048154785,0.9638378383861194,0.9638378383861194,0.9983128464690288,0.0016871535309713
S07,Uniform,8,300;355;415;470;530;585;645;700,0.2491469863486609,0.2491469863486609,0.9685776767483136,0.9685776767483136,0.9983128464690288,0.0016871535309713
S08,NAIG,2,365;425,0.1846853006176663,0.1463874582629533,0.9848261357936364,0.9899605537485204,0.9681851048445408,0.0318148951554591
S08,NAIG,3,365;425;480,0.1844519370530696,0.1555453641588921,0.9834198625513264,0.9882750955612124,0.9681851048445408,0.0318148951554591
S08,NAIG,4,365;425;480;620,0.1811992690054883,0.1618715312667832,0.9840659129365744,0.9868751439073578,0.9681851048445408,0.0318148951554591
S08,NAIG,6,365;425;480;620;545;330,0.1883644377415569,0.1777647709582013,0.9830624659415346,0.9843184287669068,0.9893950349481804,0.0106049650518197
S08,NAIG,8,365;425;480;620;545;330;505;400,0.1936810304030606,0.1850714294774068,0.9833968487119278,0.9841392071949422,0.9893950349481804,0.0106049650518197
S08,Uniform,2,300;700,0.188186769187737,0.188186769187737,0.982188174072459,0.982188174072459,0.9115449505905038,0.0884550494094962
S08,Uniform,3,300;500;700,0.1732215065337171,0.1732215065337171,0.9854296411750552,0.9854296411750552,0.9363702096890816,0.0636297903109183
S08,Uniform,4,300;435;565;700,0.1713791011458277,0.1713791011458277,0.9857878687741276,0.9857878687741276,0.9983128464690288,0.0016871535309713
S08,Uniform,6,300;380;460;540;620;700,0.1627579821568142,0.1627579821568142,0.986749528049688,0.986749528049688,0.9983128464690288,0.0016871535309713
S08,Uniform,8,300;355;415;470;530;585;645;700,0.1574840091159254,0.1574840091159254,0.9876273484281936,0.9876273484281936,0.9983128464690288,0.0016871535309713
S09,NAIG,2,365;425,0.184206975067568,0.1647013018283455,0.9841336245309243,0.9882357008337664,0.9681851048445408,0.0318148951554591
S09,NAIG,3,365;425;480,0.1711728366011811,0.1782984456841316,0.985634954091712,0.9866735555410858,0.9681851048445408,0.0318148951554591
S09,NAIG,4,365;425;480;620,0.1719809251337675,0.1745910683930663,0.9855999970754242,0.9867490693447184,0.9681851048445408,0.0318148951554591
S09,NAIG,6,365;425;480;620;545;330,0.2439253294298589,0.2614266991156874,0.9755328231054942,0.9736428426825732,0.9893950349481804,0.0106049650518197
S09,NAIG,8,365;425;480;620;545;330;505;305,0.2317233320128564,0.2343009800056976,0.9751073251394629,0.974536219876533,0.9983128464690288,0.0016871535309713
S09,Uniform,2,300;700,0.2247111066133422,0.2247111066133422,0.9758975425570944,0.9758975425570944,0.9115449505905038,0.0884550494094962
S09,Uniform,3,300;500;700,0.1992801398938974,0.1992801398938974,0.9799465123953962,0.9799465123953962,0.9363702096890816,0.0636297903109183
S09,Uniform,4,300;435;565;700,0.2050786993641629,0.2050786993641629,0.9787727598124064,0.9787727598124064,0.9983128464690288,0.0016871535309713
S09,Uniform,6,300;380;460;540;620;700,0.1962362400938481,0.1962362400938481,0.9806675537325014,0.9806675537325014,0.9983128464690288,0.0016871535309713
S09,Uniform,8,300;355;415;470;530;585;645;700,0.167953973710123,0.167953973710123,0.9865283947819796,0.9865283947819796,0.9983128464690288,0.0016871535309713
S10,NAIG,2,365;425,0.2754662944825802,0.2494138823128175,0.9633329567412288,0.9735887161027472,0.9681851048445408,0.0318148951554591
S10,NAIG,3,365;425;620,0.2743506809641608,0.344009709542476,0.9635055979646328,0.9574744059454908,0.9681851048445408,0.0318148951554591
S10,NAIG,4,365;425;620;450,0.2328776843940264,0.2455514916738863,0.972696719099006,0.9735879438913884,0.9681851048445408,0.0318148951554591
S10,NAIG,6,365;425;620;450;545;695,0.2306379537567175,0.2384332732875394,0.9731634878038428,0.9745530315328284,0.9681851048445408,0.0318148951554591
S10,NAIG,8,365;425;620;450;545;695;505;475,0.2269991917787986,0.2290255997072985,0.9739401472406272,0.975714987706461,0.9681851048445408,0.0318148951554591
S10,Uniform,2,300;700,0.3239405714264444,0.3239405714264444,0.9477322571132744,0.9477322571132744,0.9115449505905038,0.0884550494094962
S10,Uniform,3,300;500;700,0.3200649583537571,0.3200649583537571,0.9517461285422246,0.9517461285422246,0.9363702096890816,0.0636297903109183
S10,Uniform,4,300;435;565;700,0.3305819289384002,0.3305819289384002,0.9507656677935968,0.9507656677935968,0.9983128464690288,0.0016871535309713
S10,Uniform,6,300;380;460;540;620;700,0.3000909388247618,0.3000909388247618,0.9550749424718528,0.9550749424718528,0.9983128464690288,0.0016871535309713
S10,Uniform,8,300;355;415;470;530;585;645;700,0.2518483130967748,0.2518483130967748,0.9691169625751462,0.9691169625751462,0.9983128464690288,0.0016871535309713
S11,NAIG,2,365;425,0.2380564371353933,0.2230337224604175,0.975379491655892,0.9791868624601998,0.9681851048445408,0.0318148951554591
S11,NAIG,3,365;425;480,0.2193459312538267,0.2482279738862252,0.9779372401753492,0.9744812829623596,0.9681851048445408,0.0318148951554591
S11,NAIG,4,365;425;480;620,0.2189526296262186,0.2307677714086101,0.97802713611305,0.9773612738422972,0.9681851048445408,0.0318148951554591
S11,NAIG,6,365;425;480;620;545;330,0.2934466159182184,0.3019562134412935,0.9665077924329316,0.9631028574878956,0.9893950349481804,0.0106049650518197
S11,NAIG,8,365;425;480;620;545;330;505;305,0.2639628023836763,0.2620832213489939,0.9646192488357912,0.9650492517441712,0.9983128464690288,0.0016871535309713
S11,Uniform,2,300;700,0.2619179051398478,0.2619179051398478,0.9668412076204576,0.9668412076204576,0.9115449505905038,0.0884550494094962
S11,Uniform,3,300;500;700,0.2558778823539781,0.2558778823539781,0.9703049749115866,0.9703049749115866,0.9363702096890816,0.0636297903109183
S11,Uniform,4,300;435;565;700,0.2637237504303027,0.2637237504303027,0.9678764444726567,0.9678764444726567,0.9983128464690288,0.0016871535309713
S11,Uniform,6,300;380;460;540;620;700,0.244282039291532,0.244282039291532,0.9702103098353628,0.9702103098353628,0.9983128464690288,0.0016871535309713
S11,Uniform,8,300;355;415;470;530;585;645;700,0.1896818917542916,0.1896818917542916,0.9819431266265356,0.9819431266265356,0.9983128464690288,0.0016871535309713
S12,NAIG,2,365;425,0.2107894784075114,0.1910162121423697,0.979197259288967,0.9840727098520582,0.9681851048445408,0.0318148951554591
S12,NAIG,3,365;425;480,0.2022252841054527,0.2139113471285583,0.980255168422272,0.9797336928196964,0.9681851048445408,0.0318148951554591
S12,NAIG,4,365;425;480;620,0.2004067540891034,0.2003108312619571,0.9806530145449408,0.9817244203359776,0.9681851048445408,0.0318148951554591
S12,NAIG,6,365;425;480;620;545;330,0.2708694688146857,0.2814420737750442,0.971092856530088,0.969982613911664,0.9893950349481804,0.0106049650518197
S12,NAIG,8,365;425;480;620;545;330;400;505,0.2229196075999496,0.2185569814377922,0.9776686788843264,0.9783962501515676,0.9893950349481804,0.0106049650518197
S12,Uniform,2,300;700,0.2264016627272501,0.2264016627272501,0.9741856073723024,0.9741856073723024,0.9115449505905038,0.0884550494094962
S12,Uniform,3,300;500;700,0.2113110458876947,0.2113110458876947,0.977809602912888,0.977809602912888,0.9363702096890816,0.0636297903109183
S12,Uniform,4,300;435;565;700,0.219360398708567,0.219360398708567,0.976070043431952,0.976070043431952,0.9983128464690288,0.0016871535309713
S12,Uniform,6,300;380;460;540;620;700,0.2025180204877207,0.2025180204877207,0.9792789745639772,0.9792789745639772,0.9983128464690288,0.0016871535309713
S12,Uniform,8,300;355;415;470;530;585;645;700,0.1806993046458005,0.1806993046458005,0.9838873267059056,0.9838873267059056,0.9983128464690288,0.0016871535309713
S13,NAIG,2,365;425,0.2137006492739148,0.1984907470778301,0.9809275912198614,0.9825283372295528,0.9681851048445408,0.0318148951554591
S13,NAIG,3,365;425;480,0.1996236791881607,0.2153205107210608,0.9824794787355376,0.9804676881200474,0.9681851048445408,0.0318148951554591
S13,NAIG,4,365;425;480;620,0.1982986337267412,0.2049959581539671,0.982306678834831,0.9824688403206148,0.9681851048445408,0.0318148951554591
S13,NAIG,6,365;425;480;620;545;685,0.1946082402104804,0.1970429488803907,0.9826859997223658,0.9830000218059368,0.9681851048445408,0.0318148951554591
S13,NAIG,8,365;425;480;620;545;685;505;450,0.1891629928570072,0.1870184983017624,0.9829385349151636,0.9833403255903695,0.9681851048445408,0.0318148951554591
S13,Uniform,2,300;700,0.2430146771654591,0.2430146771654591,0.9703818588393666,0.9703818588393666,0.9115449505905038,0.0884550494094962
S13,Uniform,3,300;500;700,0.2353572278984561,0.2353572278984561,0.9732259508455102,0.9732259508455102,0.9363702096890816,0.0636297903109183
S13,Uniform,4,300;435;565;700,0.2478663860005485,0.2478663860005485,0.9701756240598438,0.9701756240598438,0.9983128464690288,0.0016871535309713
S13,Uniform,6,300;380;460;540;620;700,0.2150997961325586,0.2150997961325586,0.9769639972842395,0.9769639972842395,0.9983128464690288,0.0016871535309713
S13,Uniform,8,300;355;415;470;530;585;645;700,0.1779912550842112,0.1779912550842112,0.984238361356974,0.984238361356974,0.9983128464690288,0.0016871535309713
S14,NAIG,2,365;620,0.3699090732903662,0.5304529424973126,0.9447588142996008,0.934796732001789,0.9681851048445408,0.0318148951554591
S14,NAIG,3,365;620;480,0.3351861712470878,0.4647058456416617,0.9503103898510876,0.9345454149617464,0.9681851048445408,0.0318148951554591
S14,NAIG,4,365;620;480;425,0.2821826717396722,0.3534514867352116,0.9626888740071278,0.9558136766938524,0.9681851048445408,0.0318148951554591
S14,NAIG,6,365;620;480;425;545;325,0.3564762414690246,0.381794864045295,0.9481909818976046,0.940948493461116,0.9910821884791516,0.0089178115208483
S14,NAIG,8,365;620;480;425;545;325;525;450,0.3273910807089427,0.3435364818197405,0.954684766157742,0.9496588230800868,0.9910821884791516,0.0089178115208483
S14,Uniform,2,300;700,0.314382904560552,0.314382904560552,0.949691650313351,0.949691650313351,0.9115449505905038,0.0884550494094962
S14,Uniform,3,300;500;700,0.3069705684246078,0.3069705684246078,0.95385978838083,0.95385978838083,0.9363702096890816,0.0636297903109183
S14,Uniform,4,300;435;565;700,0.3193148926470184,0.3193148926470184,0.9513245575699192,0.9513245575699192,0.9983128464690288,0.0016871535309713
S14,Uniform,6,300;380;460;540;620;700,0.2853299547679544,0.2853299547679544,0.9592694263475156,0.9592694263475156,0.9983128464690288,0.0016871535309713
S14,Uniform,8,300;355;415;470;530;585;645;700,0.2375497100794318,0.2375497100794318,0.9726133489166786,0.9726133489166786,0.9983128464690288,0.0016871535309713
S15,NAIG,2,365;425,0.1797321520204376,0.1695682895817626,0.9838874143576396,0.986289192536692,0.9681851048445408,0.0318148951554591
S15,NAIG,3,365;425;620,0.1765954641678133,0.1700584332608511,0.9846431328307992,0.9855490662452018,0.9681851048445408,0.0318148951554591
S15,NAIG,4,365;425;620;545,0.1766449539832918,0.172172562638406,0.9844587679552328,0.9850922204803018,0.9681851048445408,0.0318148951554591
S15,NAIG,6,365;425;620;545;475;345,0.1823566308938013,0.1809246453229032,0.9848155846616012,0.9849876295339268,0.9930103639431188,0.0069896360568811
S15,NAIG,8,365;425;620;545;475;345;505;305,0.1929358530949525,0.1915865206070091,0.981705865055286,0.981805842613874,0.997589780670041,0.002410219329959
S15,Uniform,2,300;700,0.1766913003860938,0.1766913003860938,0.9842665949039988,0.9842665949039988,0.9115449505905038,0.0884550494094962
S15,Uniform,3,300;500;700,0.16053334125164,0.16053334125164,0.9880811465646064,0.9880811465646064,0.9363702096890816,0.0636297903109183
S15,Uniform,4,300;435;565;700,0.1642441327026003,0.1642441327026003,0.9865758515554546,0.9865758515554546,0.9983128464690288,0.0016871535309713
S15,Uniform,6,300;380;460;540;620;700,0.1563736326309432,0.1563736326309432,0.987702486568628,0.987702486568628,0.9983128464690288,0.0016871535309713
S15,Uniform,8,300;355;415;470;530;585;645;700,0.1494780436882817,0.1494780436882817,0.9888013285370816,0.9888013285370816,0.9983128464690288,0.0016871535309713
S16,NAIG,2,365;425,0.2339250417112808,0.1582049496631949,0.9734559453171964,0.9883830077137736,0.9681851048445408,0.0318148951554591
S16,NAIG,3,365;425;480,0.2232425998322946,0.2127726999979482,0.9751242983313262,0.9797823437375556,0.9681851048445408,0.0318148951554591
S16,NAIG,4,365;425;480;620,0.2192378259137805,0.2037551163355815,0.9759846076710876,0.9806265853014344,0.9681851048445408,0.0318148951554591
S16,NAIG,6,365;425;480;620;545;325,0.299099421297745,0.3099035588951763,0.9656738186492808,0.9641116866678504,0.9910821884791516,0.0089178115208483
S16,NAIG,8,365;425;480;620;545;325;505;400,0.2605050909817522,0.264443611121979,0.970080878154002,0.9691515177502944,0.9910821884791516,0.0089178115208483
S16,Uniform,2,300;700,0.2502829153483109,0.2502829153483109,0.968181463506126,0.968181463506126,0.9115449505905038,0.0884550494094962
S16,Uniform,3,300;500;700,0.2391072123068716,0.2391072123068716,0.9722001316394338,0.9722001316394338,0.9363702096890816,0.0636297903109183
S16,Uniform,4,300;435;565;700,0.2400489558737602,0.2400489558737602,0.9719982728004404,0.9719982728004404,0.9983128464690288,0.0016871535309713
S16,Uniform,6,300;380;460;540;620;700,0.2217394752949569,0.2217394752949569,0.975116025957796,0.975116025957796,0.9983128464690288,0.0016871535309713
S16,Uniform,8,300;355;415;470;530;585;645;700,0.1959441663946135,0.1959441663946135,0.9817267040528744,0.9817267040528744,0.9983128464690288,0.0016871535309713
S17,NAIG,2,365;425,0.2087258104443328,0.1849298840948352,0.9804862412031417,0.9839768898511488,0.9681851048445408,0.0318148951554591
S17,NAIG,3,365;425;480,0.2058789362260526,0.1986593793560818,0.9807673437439411,0.98160435255234,0.9681851048445408,0.0318148951554591
S17,NAIG,4,365;425;480;620,0.2045913742222351,0.1892634579674327,0.9808439129742588,0.983089220082388,0.9681851048445408,0.0318148951554591
S17,NAIG,6,365;425;480;620;545;325,0.2216227265169894,0.2085880311443806,0.9793046005631526,0.9806203220077124,0.9910821884791516,0.0089178115208483
S17,NAIG,8,365;425;480;620;545;325;505;400,0.2092421592118178,0.1935732448712411,0.9807716095435428,0.9826966290411526,0.9910821884791516,0.0089178115208483
S17,Uniform,2,300;700,0.2403465753657079,0.2403465753657079,0.9714743859351792,0.9714743859351792,0.9115449505905038,0.0884550494094962
S17,Uniform,3,300;500;700,0.2212124289751953,0.2212124289751953,0.9786592538389488,0.9786592538389488,0.9363702096890816,0.0636297903109183
S17,Uniform,4,300;435;565;700,0.2196210084276547,0.2196210084276547,0.9788599081587668,0.9788599081587668,0.9983128464690288,0.0016871535309713
S17,Uniform,6,300;380;460;540;620;700,0.1982739222337553,0.1982739222337553,0.9805839152078648,0.9805839152078648,0.9983128464690288,0.0016871535309713
S17,Uniform,8,300;355;415;470;530;585;645;700,0.1686481320932799,0.1686481320932799,0.985685273387483,0.985685273387483,0.9983128464690288,0.0016871535309713
S18,NAIG,2,365;480,0.2090251748794271,0.2520384356987361,0.9820253932047738,0.977091069620364,0.9681851048445408,0.0318148951554591
S18,NAIG,3,365;480;545,0.2053009499500403,0.2362096240323927,0.98264878538098,0.9783839851870734,0.9681851048445408,0.0318148951554591
S18,NAIG,4,365;480;545;425,0.2456662717657157,0.2585657554392259,0.9781772353730486,0.9767361488356188,0.9681851048445408,0.0318148951554591
S18,NAIG,6,365;480;545;425;620;330,0.2176825320409652,0.2241519913514532,0.9816261558514224,0.9799025899069416,0.9893950349481804,0.0106049650518197
S18,NAIG,8,365;480;545;425;620;330;505;305,0.2146093310535987,0.2133281896669171,0.9781508033351152,0.9780224707584044,0.9983128464690288,0.0016871535309713
S18,Uniform,2,300;700,0.2085454410295808,0.2085454410295808,0.9783206210699392,0.9783206210699392,0.9115449505905038,0.0884550494094962
S18,Uniform,3,300;500;700,0.1845898803077652,0.1845898803077652,0.9832915499097334,0.9832915499097334,0.9363702096890816,0.0636297903109183
S18,Uniform,4,300;435;565;700,0.1874410991815191,0.1874410991815191,0.982993809004756,0.982993809004756,0.9983128464690288,0.0016871535309713
S18,Uniform,6,300;380;460;540;620;700,0.1831718094772451,0.1831718094772451,0.9833292788006448,0.9833292788006448,0.9983128464690288,0.0016871535309713
S18,Uniform,8,300;355;415;470;530;585;645;700,0.1604529779558547,0.1604529779558547,0.9873458481198292,0.9873458481198292,0.9983128464690288,0.0016871535309713
S19,NAIG,2,325;410,0.3528197377821369,0.270594374276999,0.9460739274305088,0.9627387642723808,0.9910821884791516,0.0089178115208483
S19,NAIG,3,325;410;610,0.3111827800659562,0.3336489461627689,0.9543851336585076,0.945270928055718,0.9910821884791516,0.0089178115208483
S19,NAIG,4,325;410;610;475,0.3892085432380679,0.3894361682752848,0.9349308795840174,0.9290366403281244,0.9910821884791516,0.0089178115208483
S19,NAIG,6,325;410;610;475;365;495,0.3986399685313323,0.4318970670429196,0.9363476346913006,0.9219817678618926,0.9910821884791516,0.0089178115208483
S19,NAIG,8,325;410;610;475;365;495;305;700,0.3705990349710317,0.3720065531433526,0.9291756453963927,0.9292162376887864,0.9987948903350204,0.0012051096649795
S19,Uniform,2,300;700,0.3761516602116632,0.3761516602116632,0.931638160059073,0.931638160059073,0.9115449505905038,0.0884550494094962
S19,Uniform,3,300;500;700,0.3508283340442283,0.3508283340442283,0.9415117283302602,0.9415117283302602,0.9363702096890816,0.0636297903109183
S19,Uniform,4,300;435;565;700,0.3663465776660978,0.3663465776660978,0.9331545130038122,0.9331545130038122,0.9983128464690288,0.0016871535309713
S19,Uniform,6,300;380;460;540;620;700,0.3001222813488381,0.3001222813488381,0.9547865995978072,0.9547865995978072,0.9983128464690288,0.0016871535309713
S19,Uniform,8,300;355;415;470;530;585;645;700,0.2431494155713229,0.2431494155713229,0.9717487435777056,0.9717487435777056,0.9983128464690288,0.0016871535309713
S20,NAIG,2,365;480,0.2716722050495158,0.3474799786189117,0.9676960878727624,0.964343969680945,0.9681851048445408,0.0318148951554591
S20,NAIG,3,365;480;630,0.2660303151598927,0.3343671803546599,0.9698673569407376,0.9635906874365148,0.9681851048445408,0.0318148951554591
S20,NAIG,4,365;480;630;545,0.2656429882286318,0.3333482851502859,0.9697190452305052,0.963128068510062,0.9681851048445408,0.0318148951554591
S20,NAIG,6,365;480;630;545;425;695,0.2278136162872385,0.258399461013357,0.9755921191952752,0.9715394730827988,0.9681851048445408,0.0318148951554591
S20,NAIG,8,365;480;630;545;425;695;510;400,0.2466111848825752,0.2902410726286879,0.9713875409034152,0.9668959273367204,0.9766208724993974,0.0233791275006025
S20,Uniform,2,300;700,0.290049147215651,0.290049147215651,0.9642711187497092,0.9642711187497092,0.9115449505905038,0.0884550494094962
S20,Uniform,3,300;500;700,0.2840854210461063,0.2840854210461063,0.9709158932662498,0.9709158932662498,0.9363702096890816,0.0636297903109183
S20,Uniform,4,300;435;565;700,0.2931076073380487,0.2931076073380487,0.9680782169563976,0.9680782169563976,0.9983128464690288,0.0016871535309713
S20,Uniform,6,300;380;460;540;620;700,0.2502530517151722,0.2502530517151722,0.9703184004318892,0.9703184004318892,0.9983128464690288,0.0016871535309713
S20,Uniform,8,300;355;415;470;530;585;645;700,0.2020586594557354,0.2020586594557354,0.9795544376373588,0.9795544376373588,0.9983128464690288,0.0016871535309713
S21,NAIG,2,365;545,0.705752877407163,0.6250855891365483,0.7569746694220071,0.7813734765767385,0.9681851048445408,0.0318148951554591
S21,NAIG,3,365;545;480,0.6848498063105026,0.5912507607304912,0.7705168024217488,0.8064906321805834,0.9681851048445408,0.0318148951554591
S21,NAIG,4,365;545;480;620,0.6850348476261097,0.5878994372610346,0.7697872047790265,0.8089341725804857,0.9681851048445408,0.0318148951554591
S21,NAIG,6,365;545;480;620;425;695,0.6584072730114363,0.5429385893352151,0.7988341802038599,0.8411731168402484,0.9681851048445408,0.0318148951554591
S21,NAIG,8,365;545;480;620;425;695;505;450,0.6334682557787704,0.5006566575457566,0.8209399745268212,0.8683071007099409,0.9681851048445408,0.0318148951554591
S21,Uniform,2,300;700,0.662074646325469,0.662074646325469,0.7628724092048386,0.7628724092048386,0.9115449505905038,0.0884550494094962
S21,Uniform,3,300;500;700,0.6437700972203241,0.6437700972203241,0.7853883294414046,0.7853883294414046,0.9363702096890816,0.0636297903109183
S21,Uniform,4,300;435;565;700,0.6398349795176516,0.6398349795176516,0.7708309291668166,0.7708309291668166,0.9983128464690288,0.0016871535309713
S21,Uniform,6,300;380;460;540;620;700,0.5742383875419789,0.5742383875419789,0.8212778860219655,0.8212778860219655,0.9983128464690288,0.0016871535309713
S21,Uniform,8,300;355;415;470;530;585;645;700,0.5493426874227995,0.5493426874227995,0.8358212260565356,0.8358212260565356,0.9983128464690288,0.0016871535309713
S22,NAIG,2,365;695,0.5834917585256404,0.5032092945284421,0.8343705383332308,0.8641656512948225,0.9681851048445408,0.0318148951554591
S22,NAIG,3,365;695;425,0.5610275765511509,0.4677156905497314,0.8593257286383392,0.8870720303954265,0.9681851048445408,0.0318148951554591
S22,NAIG,4,365;695;425;545,0.530947916368783,0.4180393282820883,0.8663943090928538,0.9085144008108924,0.9681851048445408,0.0318148951554591
S22,NAIG,6,365;695;425;545;480;620,0.524098261395611,0.4062679702103607,0.8714549280583114,0.9137592091043604,0.9681851048445408,0.0318148951554591
S22,NAIG,8,365;695;425;545;480;620;315;335,0.5959221833485138,0.5636045529634989,0.808018659262276,0.8260902965420115,0.9980718245360328,0.0019281754639672
S22,Uniform,2,300;700,0.6056297417454498,0.6056297417454498,0.82326233878717,0.82326233878717,0.9115449505905038,0.0884550494094962
S22,Uniform,3,300;500;700,0.5839165807504517,0.5839165807504517,0.8370572009223035,0.8370572009223035,0.9363702096890816,0.0636297903109183
S22,Uniform,4,300;435;565;700,0.5588484497197718,0.5588484497197718,0.8304269309603818,0.8304269309603818,0.9983128464690288,0.0016871535309713
S22,Uniform,6,300;380;460;540;620;700,0.4786111274389454,0.4786111274389454,0.8829578592295221,0.8829578592295221,0.9983128464690288,0.0016871535309713
S22,Uniform,8,300;355;415;470;530;585;645;700,0.4662092754318269,0.4662092754318269,0.884720308256242,0.884720308256242,0.9983128464690288,0.0016871535309713
S23,NAIG,2,400;660,0.2976538221866516,0.3061980556978407,0.9559735654074422,0.9648038753719664,0.940226560617016,0.0597734393829838
S23,NAIG,3,400;660;620,0.3003173944670355,0.3117390991771796,0.9563948996467442,0.9696479502070108,0.940226560617016,0.0597734393829838
S23,NAIG,4,400;660;620;535,0.2995580076321036,0.3101474123433819,0.9555739544234508,0.9647819239859264,0.940226560617016,0.0597734393829838
S23,NAIG,6,400;660;620;535;365;435,0.2920864792733775,0.2772638085377814,0.9583510899915892,0.9673985860990204,0.9766208724993974,0.0233791275006025
S23,NAIG,8,400;660;620;535;365;435;695;505,0.2921722684907837,0.2762536551580756,0.9573301177063932,0.964623747702124,0.9766208724993974,0.0233791275006025
S23,Uniform,2,300;700,0.2543826308307444,0.2543826308307444,0.968179106193197,0.968179106193197,0.9115449505905038,0.0884550494094962
S23,Uniform,3,300;500;700,0.2504417184024785,0.2504417184024785,0.9717251609995224,0.9717251609995224,0.9363702096890816,0.0636297903109183
S23,Uniform,4,300;435;565;700,0.2486535552013371,0.2486535552013371,0.9706384992859524,0.9706384992859524,0.9983128464690288,0.0016871535309713
S23,Uniform,6,300;380;460;540;620;700,0.2141423043052253,0.2141423043052253,0.9768578586609172,0.9768578586609172,0.9983128464690288,0.0016871535309713
S23,Uniform,8,300;355;415;470;530;585;645;700,0.1827350355808111,0.1827350355808111,0.9833177891311556,0.9833177891311556,0.9983128464690288,0.0016871535309713
S24,NAIG,2,365;425,0.2923005490473331,0.2582955475573408,0.9578439393650388,0.9661125413352146,0.9681851048445408,0.0318148951554591
S24,NAIG,3,365;425;480,0.2916590811751421,0.2834936026991985,0.9584681640154712,0.9589814610225575,0.9681851048445408,0.0318148951554591
S24,NAIG,4,365;425;480;620,0.2886297259689968,0.2622011895788725,0.9585269089740464,0.9650363434035067,0.9681851048445408,0.0318148951554591
S24,NAIG,6,365;425;480;620;545;330,0.3129962343347329,0.2963992893519958,0.9522586669359164,0.9555901707335815,0.9893950349481804,0.0106049650518197
S24,NAIG,8,365;425;480;620;545;330;505;305,0.3518446595596086,0.3497682221065623,0.936510027735908,0.936915169777839,0.9983128464690288,0.0016871535309713
S24,Uniform,2,300;700,0.3301336904110206,0.3301336904110206,0.9440117535998496,0.9440117535998496,0.9115449505905038,0.0884550494094962
S24,Uniform,3,300;500;700,0.3087848663628696,0.3087848663628696,0.9525798686480056,0.9525798686480056,0.9363702096890816,0.0636297903109183
S24,Uniform,4,300;435;565;700,0.3058499866893925,0.3058499866893925,0.9527391164660464,0.9527391164660464,0.9983128464690288,0.0016871535309713
S24,Uniform,6,300;380;460;540;620;700,0.2778045953521917,0.2778045953521917,0.9625195846062292,0.9625195846062292,0.9983128464690288,0.0016871535309713
S24,Uniform,8,300;355;415;470;530;585;645;700,0.2705126469652889,0.2705126469652889,0.962722946888686,0.962722946888686,0.9983128464690288,0.0016871535309713
S25,NAIG,2,365;425,0.2178660845307675,0.1805176633844448,0.9788665570925438,0.985280043771039,0.9681851048445408,0.0318148951554591
S25,NAIG,3,365;425;480,0.209281582183969,0.2348770473236328,0.9795661885950808,0.9752502885768454,0.9681851048445408,0.0318148951554591
S25,NAIG,4,365;425;480;620,0.2075317124760453,0.2293935814307613,0.979782486523331,0.975831759133512,0.9681851048445408,0.0318148951554591
S25,NAIG,6,365;425;480;620;660;695,0.2068833250287943,0.2259666714409628,0.979964226386082,0.9764262471903684,0.9681851048445408,0.0318148951554591
S25,NAIG,8,365;425;480;620;660;695;450;505,0.1864953790909215,0.1850523404298631,0.9829942386158024,0.9828868047224868,0.9681851048445408,0.0318148951554591
S25,Uniform,2,300;700,0.2725650824699425,0.2725650824699425,0.9650204758189124,0.9650204758189124,0.9115449505905038,0.0884550494094962
S25,Uniform,3,300;500;700,0.2605058666424106,0.2605058666424106,0.9736527795287035,0.9736527795287035,0.9363702096890816,0.0636297903109183
S25,Uniform,4,300;435;565;700,0.2696569660732324,0.2696569660732324,0.96848156200734,0.96848156200734,0.9983128464690288,0.0016871535309713
S25,Uniform,6,300;380;460;540;620;700,0.2329259984454041,0.2329259984454041,0.9741388612397208,0.9741388612397208,0.9983128464690288,0.0016871535309713
S25,Uniform,8,300;355;415;470;530;585;645;700,0.1919923637146827,0.1919923637146827,0.981545934333674,0.981545934333674,0.9983128464690288,0.0016871535309713
S26,NAIG,2,365;425,0.2452138301323595,0.1933395364696006,0.9701265846523148,0.9815889658742364,0.9681851048445408,0.0318148951554591
S26,NAIG,3,365;425;620,0.2463179240770203,0.2234582629713009,0.9697775117318898,0.9748442647408396,0.9681851048445408,0.0318148951554591
S26,NAIG,4,365;425;620;545,0.2456992437418986,0.2249089121051294,0.9698954468220756,0.97450560637,0.9681851048445408,0.0318148951554591
S26,NAIG,6,365;425;620;545;475;345,0.2611907982533731,0.2510704629147643,0.9681656653258284,0.9688488243729478,0.9930103639431188,0.0069896360568811
S26,NAIG,8,365;425;620;545;475;345;505;305,0.2625535974980112,0.2588628188998694,0.9649808584146612,0.9662978467814388,0.997589780670041,0.002410219329959
S26,Uniform,2,300;700,0.2757672911933825,0.2757672911933825,0.9622722100514296,0.9622722100514296,0.9115449505905038,0.0884550494094962
S26,Uniform,3,300;500;700,0.2572379138865162,0.2572379138865162,0.969546051301746,0.969546051301746,0.9363702096890816,0.0636297903109183
S26,Uniform,4,300;435;565;700,0.2846596703669375,0.2846596703669375,0.958635171006626,0.958635171006626,0.9983128464690288,0.0016871535309713
S26,Uniform,6,300;380;460;540;620;700,0.234144126848677,0.234144126848677,0.9734812962972812,0.9734812962972812,0.9983128464690288,0.0016871535309713
S26,Uniform,8,300;355;415;470;530;585;645;700,0.2241978829867014,0.2241978829867014,0.974560290920918,0.974560290920918,0.9983128464690288,0.0016871535309713
S27,NAIG,2,365;620,0.24044831225049,0.2296125169687946,0.9721536766340128,0.974153750913589,0.9681851048445408,0.0318148951554591
S27,NAIG,3,365;620;545,0.2384446847244976,0.2270013064287775,0.9726175677210837,0.9746778385846758,0.9681851048445408,0.0318148951554591
S27,NAIG,4,365;620;545;450,0.2445290039657388,0.2344618311824633,0.9717413838756668,0.9734321153368448,0.9681851048445408,0.0318148951554591
S27,NAIG,6,365;620;545;450;425;685,0.2362743794849819,0.2190859211551512,0.9727827874052392,0.9760588009032586,0.9681851048445408,0.0318148951554591
S27,NAIG,8,365;620;545;450;425;685;475;505,0.227442830160759,0.2051594754563131,0.9743244789050548,0.9787366784100934,0.9681851048445408,0.0318148951554591
S27,Uniform,2,300;700,0.2738578661277893,0.2738578661277893,0.9619251599407744,0.9619251599407744,0.9115449505905038,0.0884550494094962
S27,Uniform,3,300;500;700,0.2356427467533974,0.2356427467533974,0.9723697440082844,0.9723697440082844,0.9363702096890816,0.0636297903109183
S27,Uniform,4,300;435;565;700,0.2374021473942308,0.2374021473942308,0.971580137952378,0.971580137952378,0.9983128464690288,0.0016871535309713
S27,Uniform,6,300;380;460;540;620;700,0.2164971929292405,0.2164971929292405,0.9769926488538364,0.9769926488538364,0.9983128464690288,0.0016871535309713
S27,Uniform,8,300;355;415;470;530;585;645;700,0.2131811646475677,0.2131811646475677,0.9771014758419247,0.9771014758419247,0.9983128464690288,0.0016871535309713
S28,NAIG,2,365;425,0.183012084916524,0.1701532871054708,0.9834223957895636,0.9856674951108424,0.9681851048445408,0.0318148951554591
S28,NAIG,3,365;425;620,0.1791806424134799,0.1739098634031355,0.9838537853660864,0.9847615920914684,0.9681851048445408,0.0318148951554591
S28,NAIG,4,365;425;620;545,0.1778006599241795,0.1726537542135505,0.984110571698134,0.9849830684178488,0.9681851048445408,0.0318148951554591
S28,NAIG,6,365;425;620;545;465;335,0.1972727627952568,0.1960608548692826,0.980547392856881,0.9805924614098276,0.9915642323451436,0.0084357676548565
S28,NAIG,8,365;425;620;545;465;335;660;505,0.1894704919414954,0.1855087993478766,0.9818996045067424,0.9827221694965168,0.9915642323451436,0.0084357676548565
S28,Uniform,2,300;700,0.2088812962125188,0.2088812962125188,0.9779792736314376,0.9779792736314376,0.9115449505905038,0.0884550494094962
S28,Uniform,3,300;500;700,0.1949824094361355,0.1949824094361355,0.98188903044353,0.98188903044353,0.9363702096890816,0.0636297903109183
S28,Uniform,4,300;435;565;700,0.1929739746760322,0.1929739746760322,0.9812234764716484,0.9812234764716484,0.9983128464690288,0.0016871535309713
S28,Uniform,6,300;380;460;540;620;700,0.1835329701549026,0.1835329701549026,0.9831060201998368,0.9831060201998368,0.9983128464690288,0.0016871535309713
S28,Uniform,8,300;355;415;470;530;585;645;700,0.1743812090172039,0.1743812090172039,0.9848276937348605,0.9848276937348605,0.9983128464690288,0.0016871535309713
S30,NAIG,2,365;425,0.1914018211363729,0.1767791071115544,0.982361640228894,0.9855247029798792,0.9681851048445408,0.0318148951554591
S30,NAIG,3,365;425;480,0.1876274345635242,0.1881598652522572,0.9829688796053162,0.983731737328026,0.9681851048445408,0.0318148951554591
S30,NAIG,4,365;425;480;620,0.182023956153644,0.1862749704776796,0.9838172652272964,0.9839319360626771,0.9681851048445408,0.0318148951554591
S30,NAIG,6,365;425;480;620;545;330,0.199916599096988,0.203301377169452,0.9814507127032264,0.9807571224646916,0.9893950349481804,0.0106049650518197
S30,NAIG,8,365;425;480;620;545;330;505;400,0.1920741177875507,0.1928347728185946,0.9825018572646292,0.9822717419346302,0.9893950349481804,0.0106049650518197
S30,Uniform,2,300;700,0.1870301448042044,0.1870301448042044,0.9823849279456622,0.9823849279456622,0.9115449505905038,0.0884550494094962
S30,Uniform,3,300;500;700,0.1737596033495723,0.1737596033495723,0.9849124570266998,0.9849124570266998,0.9363702096890816,0.0636297903109183
S30,Uniform,4,300;435;565;700,0.1820222483289942,0.1820222483289942,0.9834006984617256,0.9834006984617256,0.9983128464690288,0.0016871535309713
S30,Uniform,6,300;380;460;540;620;700,0.1746912293487718,0.1746912293487718,0.9846799148195332,0.9846799148195332,0.9983128464690288,0.0016871535309713
S30,Uniform,8,300;355;415;470;530;585;645;700,0.157858837709708,0.157858837709708,0.9876979322419306,0.9876979322419306,0.9983128464690288,0.0016871535309713
