site_id,strategy,K,selected_ex,rho_structure,relative_frobenius_error_fullrange,spectral_cosine_fullrange
S01,NAIG,2,425;360,0.9370552818828682,0.3431711049907139,0.9420221537173884
S01,NAIG,3,425;360;620,0.9403393541324576,0.3379452255587085,0.9443040161152336
S01,NAIG,4,425;360;620;500,0.9354132457580736,0.3420752980869568,0.9439581438091406
S01,NAIG,6,425;360;620;500;465;305,0.9239189928845104,0.3345113561969025,0.943615809779028
S01,NAIG,8,425;360;620;500;465;305;540;660,0.9195402298850576,0.3369521676841719,0.9415876295387926
S01,Uniform,2,300;700,0.7203065134099618,0.327355263442868,0.950043523151404
S01,Uniform,3,300;500;700,0.8171866447728517,0.3075768474512234,0.9574818961531436
S01,Uniform,4,300;435;565;700,0.9069512862616312,0.3116320509885442,0.9531934357656188
S01,Uniform,6,300;380;460;540;620;700,0.8582375478927203,0.2198197509475868,0.9759571781574108
S01,Uniform,8,300;355;415;470;530;585;645;700,0.949096880131363,0.1868636258078168,0.982578552736072
S02,NAIG,2,365;620,0.9578544061302684,0.2865436128203683,0.9581198508447448
S02,NAIG,3,365;620;450,0.8741105637657363,0.2894734227446678,0.957471065512639
S02,NAIG,4,365;620;450;695,0.875752599890531,0.2866160834275745,0.9582257302870886
S02,NAIG,6,365;620;450;695;545;425,0.9469074986316368,0.7306087894888652,0.8617272759531899
S02,NAIG,8,365;620;450;695;545;425;475;505,0.94471811713191,0.2837860306826524,0.9588956932628888
S02,Uniform,2,300;700,0.878489326765189,0.2825756611006206,0.9619646347128836
S02,Uniform,3,300;500;700,0.929392446633826,0.2693050395279905,0.9664143333877
S02,Uniform,4,300;435;565;700,0.955665024630542,0.2609068451443687,0.9654460085729322
S02,Uniform,6,300;380;460;540;620;700,0.9753694581280788,0.2098097858918697,0.978491424264273
S02,Uniform,8,300;355;415;470;530;585;645;700,0.9863163656267104,0.1943415179946331,0.98162947514538
S03,NAIG,2,470;545,0.3979200875752601,0.7777479969515391,0.8682671970964001
S03,NAIG,3,470;545;620,0.4094143404488232,0.6101602573885209,0.901778812704232
S03,NAIG,4,470;545;620;425,0.6568144499178982,0.714717812047796,0.8499694839673033
S03,NAIG,6,470;545;620;425;375;305,0.935960591133005,0.4848634815444094,0.8749997844845245
S03,NAIG,8,470;545;620;425;375;305;445;675,0.929392446633826,0.7190610384657374,0.8662396281279222
S03,Uniform,2,300;700,0.3349753694581281,0.4622412057781667,0.8927509618719254
S03,Uniform,3,300;500;700,0.8193760262725781,0.380832399630839,0.9247508769844942
S03,Uniform,4,300;435;565;700,0.9014778325123152,0.3364728732957402,0.9457036006607438
S03,Uniform,6,300;380;460;540;620;700,0.9403393541324576,0.1867008457860056,0.9824227513217736
S03,Uniform,8,300;355;415;470;530;585;645;700,0.9824849480021896,0.1734598379912205,0.9863949282249332
S04,NAIG,2,425;360,0.9841269841269844,0.5968085181717399,0.8368246058046837
S04,NAIG,3,425;360;620,0.9868637110016422,0.59615131757843,0.8366339061732544
S04,NAIG,4,425;360;620;465,0.9737274220032844,0.562933033246591,0.8438174701904086
S04,NAIG,6,425;360;620;465;545;525,0.9770114942528736,0.5586938063392827,0.8443315730273279
S04,NAIG,8,425;360;620;465;545;525;505;695,0.9786535303776684,0.5568845664047015,0.8447359383242781
S04,Uniform,2,300;700,0.9064039408866996,0.4337658040580569,0.91473874584821
S04,Uniform,3,300;500;700,0.9682539682539684,0.4339337273148649,0.9186975621832896
S04,Uniform,4,300;435;565;700,0.9792008757526,0.4423983051400265,0.917631260685178
S04,Uniform,6,300;380;460;540;620;700,0.9906951286261632,0.4250998923174594,0.912732612465352
S04,Uniform,8,300;355;415;470;530;585;645;700,0.9928845101258896,0.3580493935409186,0.9349537912339788
S05,NAIG,2,365;620,0.8385331143951834,0.2055627551062287,0.979450800830854
S05,NAIG,3,365;620;435,0.9627805145046526,0.2030280463288714,0.9796244307389156
S05,NAIG,4,365;620;435;545,0.9644225506294472,0.196102301381831,0.9808178535860872
S05,NAIG,6,365;620;435;545;475;345,0.9846743295019158,0.2352678045401217,0.975912749577164
S05,NAIG,8,365;620;435;545;475;345;305;505,0.9863163656267104,0.1930532838976884,0.9811971912302506
S05,Uniform,2,300;700,0.6962233169129721,0.2173135173856565,0.9769431601688946
S05,Uniform,3,300;500;700,0.8412698412698415,0.1854296170638486,0.9826605831713452
S05,Uniform,4,300;435;565;700,0.9195402298850576,0.1887062065457601,0.9820443288479296
S05,Uniform,6,300;380;460;540;620;700,0.9430760810071156,0.1784395404405651,0.9840413075470806
S05,Uniform,8,300;355;415;470;530;585;645;700,0.9852216748768474,0.1719851548689386,0.9860141034011202
S06,NAIG,2,365;425,0.9693486590038316,0.6101482217164914,0.8060942325072347
S06,NAIG,3,365;425;610,0.9781061850027368,0.609841765940359,0.8053492256866607
S06,NAIG,4,365;425;610;545,0.9770114942528736,0.6110132215113956,0.8056072242732015
S06,NAIG,6,365;425;610;545;505;450,0.9436234263820472,0.5675364043500734,0.8423456801144761
S06,NAIG,8,365;425;610;545;505;450;305;695,0.9688013136289,0.6521715687548343,0.7623170228204911
S06,Uniform,2,300;700,0.8149972632731254,0.6458905269782164,0.7832669019475084
S06,Uniform,3,300;500;700,0.9020251778872468,0.6383526079779658,0.7820889947878827
S06,Uniform,4,300;435;565;700,0.9830322933771212,0.627489671410028,0.7789630282734716
S06,Uniform,6,300;380;460;540;620;700,0.981937602627258,0.5648078342247765,0.8285099263059743
S06,Uniform,8,300;355;415;470;530;585;645;700,0.9906951286261632,0.5449812609236478,0.8385035477711716
S07,NAIG,2,365;425,0.8659003831417625,0.2716464068492699,0.9657966596222052
S07,NAIG,3,365;425;480,0.8461959496442256,0.2730020780733993,0.964826273426123
S07,NAIG,4,365;425;480;575,0.8872468527640942,0.2681816454573231,0.9655673217000074
S07,NAIG,6,365;425;480;575;510;305,0.9540229885057474,0.3213498276124626,0.9507029540803884
S07,NAIG,8,365;425;480;575;510;305;695;625,0.9715380405035576,0.307019588097342,0.9555505177863268
S07,Uniform,2,300;700,0.5593869731800767,0.3262773494004187,0.9551992488199628
S07,Uniform,3,300;500;700,0.8308702791461414,0.3125196672107272,0.9622107253518082
S07,Uniform,4,300;435;565;700,0.9337712096332788,0.3086617941757957,0.9604565923481378
S07,Uniform,6,300;380;460;540;620;700,0.9589490968801314,0.2739200048154785,0.9638378383861194
S07,Uniform,8,300;355;415;470;530;585;645;700,0.984126984126984,0.2491469863486609,0.9685776767483136
S08,NAIG,2,365;425,0.934865900383142,0.1846853006176663,0.9848261357936364
S08,NAIG,3,365;425;480,0.9408866995073892,0.1844519370530696,0.9834198625513264
S08,NAIG,4,365;425;480;620,0.9408866995073892,0.1811992690054883,0.9840659129365744
S08,NAIG,6,365;425;480;620;545;330,0.9447181171319105,0.1883644377415569,0.9830624659415346
S08,NAIG,8,365;425;480;620;545;330;505;400,0.9742747673782158,0.1936810304030606,0.9833968487119278
S08,Uniform,2,300;700,0.8483853311439519,0.188186769187737,0.982188174072459
S08,Uniform,3,300;500;700,0.8587848932676518,0.1732215065337171,0.9854296411750552
S08,Uniform,4,300;435;565;700,0.908593322386426,0.1713791011458277,0.9857878687741276
S08,Uniform,6,300;380;460;540;620;700,0.9064039408866996,0.1627579821568142,0.986749528049688
S08,Uniform,8,300;355;415;470;530;585;645;700,0.976464148877942,0.1574840091159254,0.9876273484281936
S09,NAIG,2,365;425,0.9485495347564314,0.184206975067568,0.9841336245309243
S09,NAIG,3,365;425;480,0.9655172413793104,0.1711728366011811,0.985634954091712
S09,NAIG,4,365;425;480;620,0.9671592775041052,0.1719809251337675,0.9855999970754242
S09,NAIG,6,365;425;480;620;545;330,0.9775588396278052,0.2439253294298589,0.9755328231054942
S09,NAIG,8,365;425;480;620;545;330;505;305,0.9786535303776684,0.2317233320128564,0.9751073251394629
S09,Uniform,2,300;700,0.7712096332785988,0.2247111066133422,0.9758975425570944
S09,Uniform,3,300;500;700,0.9036672140120416,0.1992801398938974,0.9799465123953962
S09,Uniform,4,300;435;565;700,0.9518336070060208,0.2050786993641629,0.9787727598124064
S09,Uniform,6,300;380;460;540;620;700,0.9715380405035576,0.1962362400938481,0.9806675537325014
S09,Uniform,8,300;355;415;470;530;585;645;700,0.9896004378763,0.167953973710123,0.9865283947819796
S10,NAIG,2,365;425,0.9698960043787632,0.2754662944825802,0.9633329567412288
S10,NAIG,3,365;425;620,0.9748221127531472,0.2743506809641608,0.9635055979646328
S10,NAIG,4,365;425;620;450,0.9742747673782156,0.2328776843940264,0.972696719099006
S10,NAIG,6,365;425;620;450;545;695,0.980295566502463,0.2306379537567175,0.9731634878038428
S10,NAIG,8,365;425;620;450;545;695;505;475,0.9666119321291736,0.2269991917787986,0.9739401472406272
S10,Uniform,2,300;700,0.8489326765188834,0.3239405714264444,0.9477322571132744
S10,Uniform,3,300;500;700,0.9556650246305418,0.3200649583537571,0.9517461285422246
S10,Uniform,4,300;435;565;700,0.976464148877942,0.3305819289384002,0.9507656677935968
S10,Uniform,6,300;380;460;540;620;700,0.9890530925013684,0.3000909388247618,0.9550749424718528
S10,Uniform,8,300;355;415;470;530;585;645;700,0.9950738916256158,0.2518483130967748,0.9691169625751462
S11,NAIG,2,365;425,0.9430760810071156,0.2380564371353933,0.975379491655892
S11,NAIG,3,365;425;480,0.9551176792556104,0.2193459312538267,0.9779372401753492
S11,NAIG,4,365;425;480;620,0.9534756431308156,0.2189526296262186,0.97802713611305
S11,NAIG,6,365;425;480;620;545;330,0.9715380405035576,0.2934466159182184,0.9665077924329316
S11,NAIG,8,365;425;480;620;545;330;505;305,0.9737274220032842,0.2639628023836763,0.9646192488357912
S11,Uniform,2,300;700,0.7931034482758622,0.2619179051398478,0.9668412076204576
S11,Uniform,3,300;500;700,0.909688013136289,0.2558778823539781,0.9703049749115866
S11,Uniform,4,300;435;565;700,0.9485495347564314,0.2637237504303027,0.9678764444726567
S11,Uniform,6,300;380;460;540;620;700,0.9540229885057472,0.244282039291532,0.9702103098353628
S11,Uniform,8,300;355;415;470;530;585;645;700,0.9841269841269842,0.1896818917542916,0.9819431266265356
S12,NAIG,2,365;425,0.9020251778872468,0.2107894784075114,0.979197259288967
S12,NAIG,3,365;425;480,0.9529282977558836,0.2022252841054527,0.980255168422272
S12,NAIG,4,365;425;480;620,0.9562123700054737,0.2004067540891034,0.9806530145449408
S12,NAIG,6,365;425;480;620;545;330,0.9359605911330048,0.2708694688146857,0.971092856530088
S12,NAIG,8,365;425;480;620;545;330;400;505,0.9633278598795842,0.2229196075999496,0.9776686788843264
S12,Uniform,2,300;700,0.8160919540229885,0.2264016627272501,0.9741856073723024
S12,Uniform,3,300;500;700,0.9250136836343734,0.2113110458876947,0.977809602912888
S12,Uniform,4,300;435;565;700,0.9792008757526,0.219360398708567,0.976070043431952
S12,Uniform,6,300;380;460;540;620;700,0.9501915708812264,0.2025180204877207,0.9792789745639772
S12,Uniform,8,300;355;415;470;530;585;645;700,0.9912424740010948,0.1806993046458005,0.9838873267059056
S13,NAIG,2,365;425,0.9354132457580736,0.2137006492739148,0.9809275912198614
S13,NAIG,3,365;425;480,0.9578544061302684,0.1996236791881607,0.9824794787355376
S13,NAIG,4,365;425;480;620,0.9584017515052,0.1982986337267412,0.982306678834831
S13,NAIG,6,365;425;480;620;545;685,0.9441707717569788,0.1946082402104804,0.9826859997223658
S13,NAIG,8,365;425;480;620;545;685;505;450,0.9616858237547894,0.1891629928570072,0.9829385349151636
S13,Uniform,2,300;700,0.7903667214012041,0.2430146771654591,0.9703818588393666
S13,Uniform,3,300;500;700,0.8626163108921729,0.2353572278984561,0.9732259508455102
S13,Uniform,4,300;435;565;700,0.9315818281335524,0.2478663860005485,0.9701756240598438
S13,Uniform,6,300;380;460;540;620;700,0.9337712096332786,0.2150997961325586,0.9769639972842395
S13,Uniform,8,300;355;415;470;530;585;645;700,0.9830322933771212,0.1779912550842112,0.984238361356974
S14,NAIG,2,365;620,0.947454844006568,0.3699090732903662,0.9447588142996008
S14,NAIG,3,365;620;480,0.9720853858784894,0.3351861712470878,0.9503103898510876
S14,NAIG,4,365;620;480;425,0.9737274220032842,0.2821826717396722,0.9626888740071278
S14,NAIG,6,365;620;480;425;545;325,0.9824849480021892,0.3564762414690246,0.9481909818976046
S14,NAIG,8,365;620;480;425;545;325;525;450,0.9819376026272578,0.3273910807089427,0.954684766157742
S14,Uniform,2,300;700,0.8866995073891628,0.314382904560552,0.949691650313351
S14,Uniform,3,300;500;700,0.9573070607553368,0.3069705684246078,0.95385978838083
S14,Uniform,4,300;435;565;700,0.9786535303776684,0.3193148926470184,0.9513245575699192
S14,Uniform,6,300;380;460;540;620;700,0.9896004378763,0.2853299547679544,0.9592694263475156
S14,Uniform,8,300;355;415;470;530;585;645;700,0.9874110563765736,0.2375497100794318,0.9726133489166786
S15,NAIG,2,365;425,0.9157088122605364,0.1797321520204376,0.9838874143576396
S15,NAIG,3,365;425;620,0.9277504105090312,0.1765954641678133,0.9846431328307992
S15,NAIG,4,365;425;620;545,0.9376026272577996,0.1766449539832918,0.9844587679552328
S15,NAIG,6,365;425;620;545;475;345,0.963327859879584,0.1823566308938013,0.9848155846616012
S15,NAIG,8,365;425;620;545;475;345;505;305,0.9726327312534212,0.1929358530949525,0.981705865055286
S15,Uniform,2,300;700,0.8773946360153257,0.1766913003860938,0.9842665949039988
S15,Uniform,3,300;500;700,0.9184455391351944,0.16053334125164,0.9880811465646064
S15,Uniform,4,300;435;565;700,0.9666119321291736,0.1642441327026003,0.9865758515554546
S15,Uniform,6,300;380;460;540;620;700,0.9720853858784896,0.1563736326309432,0.987702486568628
S15,Uniform,8,300;355;415;470;530;585;645;700,0.9928845101258896,0.1494780436882817,0.9888013285370816
S16,NAIG,2,365;425,0.9534756431308156,0.2339250417112808,0.9734559453171964
S16,NAIG,3,365;425;480,0.93431855500821,0.2232425998322946,0.9751242983313262
S16,NAIG,4,365;425;480;620,0.9211822660098524,0.2192378259137805,0.9759846076710876
S16,NAIG,6,365;425;480;620;545;325,0.9649698960043788,0.299099421297745,0.9656738186492808
S16,NAIG,8,365;425;480;620;545;325;505;400,0.9704433497536946,0.2605050909817522,0.970080878154002
S16,Uniform,2,300;700,0.7668308702791462,0.2502829153483109,0.968181463506126
S16,Uniform,3,300;500;700,0.9069512862616312,0.2391072123068716,0.9722001316394338
S16,Uniform,4,300;435;565;700,0.9682539682539684,0.2400489558737602,0.9719982728004404
S16,Uniform,6,300;380;460;540;620;700,0.932129173508484,0.2217394752949569,0.975116025957796
S16,Uniform,8,300;355;415;470;530;585;645;700,0.9890530925013684,0.1959441663946135,0.9817267040528744
S17,NAIG,2,365;425,0.90311986863711,0.2087258104443328,0.9804862412031417
S17,NAIG,3,365;425;480,0.9518336070060208,0.2058789362260526,0.9807673437439411
S17,NAIG,4,365;425;480;620,0.9688013136289,0.2045913742222351,0.9808439129742588
S17,NAIG,6,365;425;480;620;545;325,0.9802955665024632,0.2216227265169894,0.9793046005631526
S17,NAIG,8,365;425;480;620;545;325;505;400,0.9868637110016424,0.2092421592118178,0.9807716095435428
S17,Uniform,2,300;700,0.808976464148878,0.2403465753657079,0.9714743859351792
S17,Uniform,3,300;500;700,0.9129720853858784,0.2212124289751953,0.9786592538389488
S17,Uniform,4,300;435;565;700,0.9802955665024632,0.2196210084276547,0.9788599081587668
S17,Uniform,6,300;380;460;540;620;700,0.9622331691297208,0.1982739222337553,0.9805839152078648
S17,Uniform,8,300;355;415;470;530;585;645;700,0.9852216748768472,0.1686481320932799,0.985685273387483
S18,NAIG,2,365;480,0.9534756431308156,0.2090251748794271,0.9820253932047738
S18,NAIG,3,365;480;545,0.961138478379858,0.2053009499500403,0.98264878538098
S18,NAIG,4,365;480;545;425,0.9480021893815,0.2456662717657157,0.9781772353730486
S18,NAIG,6,365;480;545;425;620;330,0.9677066228790367,0.2176825320409652,0.9816261558514224
S18,NAIG,8,365;480;545;425;620;330;505;305,0.9726327312534212,0.2146093310535987,0.9781508033351152
S18,Uniform,2,300;700,0.8653530377668309,0.2085454410295808,0.9783206210699392
S18,Uniform,3,300;500;700,0.9332238642583472,0.1845898803077652,0.9832915499097334
S18,Uniform,4,300;435;565;700,0.9584017515052,0.1874410991815191,0.982993809004756
S18,Uniform,6,300;380;460;540;620;700,0.9562123700054737,0.1831718094772451,0.9833292788006448
S18,Uniform,8,300;355;415;470;530;585;645;700,0.9775588396278052,0.1604529779558547,0.9873458481198292
S19,NAIG,2,325;410,0.9781061850027368,0.3528197377821369,0.9460739274305088
S19,NAIG,3,325;410;610,0.9835796387520526,0.3111827800659562,0.9543851336585076
S19,NAIG,4,325;410;610;475,0.9874110563765736,0.3892085432380679,0.9349308795840174
S19,NAIG,6,325;410;610;475;365;495,0.9967159277504108,0.3986399685313323,0.9363476346913006
S19,NAIG,8,325;410;610;475;365;495;305;700,0.9956212370005476,0.3705990349710317,0.9291756453963927
S19,Uniform,2,300;700,0.9545703338806788,0.3761516602116632,0.931638160059073
S19,Uniform,3,300;500;700,0.975369458128079,0.3508283340442283,0.9415117283302602
S19,Uniform,4,300;435;565;700,0.9720853858784896,0.3663465776660978,0.9331545130038122
S19,Uniform,6,300;380;460;540;620;700,0.9967159277504106,0.3001222813488381,0.9547865995978072
S19,Uniform,8,300;355;415;470;530;585;645;700,0.9967159277504106,0.2431494155713229,0.9717487435777056
S20,NAIG,2,365;480,0.9562123700054734,0.2716722050495158,0.9676960878727624
S20,NAIG,3,365;480;630,0.963327859879584,0.2660303151598927,0.9698673569407376
S20,NAIG,4,365;480;630;545,0.960591133004926,0.2656429882286318,0.9697190452305052
S20,NAIG,6,365;480;630;545;425;695,0.9540229885057472,0.2278136162872385,0.9755921191952752
S20,NAIG,8,365;480;630;545;425;695;510;400,0.9573070607553368,0.2466111848825752,0.9713875409034152
S20,Uniform,2,300;700,0.8604269293924467,0.290049147215651,0.9642711187497092
S20,Uniform,3,300;500;700,0.9408866995073892,0.2840854210461063,0.9709158932662498
S20,Uniform,4,300;435;565;700,0.976464148877942,0.2931076073380487,0.9680782169563976
S20,Uniform,6,300;380;460;540;620;700,0.975369458128079,0.2502530517151722,0.9703184004318892
S20,Uniform,8,300;355;415;470;530;585;645;700,0.9868637110016422,0.2020586594557354,0.9795544376373588
S21,NAIG,2,365;545,0.9277504105090312,0.705752877407163,0.7569746694220071
S21,NAIG,3,365;545;480,0.9567597153804052,0.6848498063105026,0.7705168024217488
S21,NAIG,4,365;545;480;620,0.9430760810071156,0.6850348476261097,0.7697872047790265
S21,NAIG,6,365;545;480;620;425;695,0.9277504105090312,0.6584072730114363,0.7988341802038599
S21,NAIG,8,365;545;480;620;425;695;505;450,0.942528735632184,0.6334682557787704,0.8209399745268212
S21,Uniform,2,300;700,0.8177339901477834,0.662074646325469,0.7628724092048386
S21,Uniform,3,300;500;700,0.8927203065134102,0.6437700972203241,0.7853883294414046
S21,Uniform,4,300;435;565;700,0.9792008757526,0.6398349795176516,0.7708309291668166
S21,Uniform,6,300;380;460;540;620;700,0.9748221127531476,0.5742383875419789,0.8212778860219655
S21,Uniform,8,300;355;415;470;530;585;645;700,0.9890530925013684,0.5493426874227995,0.8358212260565356
S22,NAIG,2,365;695,0.9392446633825944,0.5834917585256404,0.8343705383332308
S22,NAIG,3,365;695;425,0.9512862616310894,0.5610275765511509,0.8593257286383392
S22,NAIG,4,365;695;425;545,0.9501915708812262,0.530947916368783,0.8663943090928538
S22,NAIG,6,365;695;425;545;480;620,0.9518336070060208,0.524098261395611,0.8714549280583114
S22,NAIG,8,365;695;425;545;480;620;315;335,0.952928297755884,0.5959221833485138,0.808018659262276
S22,Uniform,2,300;700,0.8489326765188835,0.6056297417454498,0.82326233878717
S22,Uniform,3,300;500;700,0.8949096880131364,0.5839165807504517,0.8370572009223035
S22,Uniform,4,300;435;565;700,0.9605911330049264,0.5588484497197718,0.8304269309603818
S22,Uniform,6,300;380;460;540;620;700,0.981937602627258,0.4786111274389454,0.8829578592295221
S22,Uniform,8,300;355;415;470;530;585;645;700,0.9906951286261632,0.4662092754318269,0.884720308256242
S23,NAIG,2,400;660,0.794745484400657,0.2976538221866516,0.9559735654074422
S23,NAIG,3,400;660;620,0.8631636562671046,0.3003173944670355,0.9563948996467442
S23,NAIG,4,400;660;620;535,0.8675424192665572,0.2995580076321036,0.9555739544234508
S23,NAIG,6,400;660;620;535;365;435,0.9649698960043788,0.2920864792733775,0.9583510899915892
S23,NAIG,8,400;660;620;535;365;435;695;505,0.970990695128626,0.2921722684907837,0.9573301177063932
S23,Uniform,2,300;700,0.7728516694033938,0.2543826308307444,0.968179106193197
S23,Uniform,3,300;500;700,0.912424740010947,0.2504417184024785,0.9717251609995224
S23,Uniform,4,300;435;565;700,0.9638752052545156,0.2486535552013371,0.9706384992859524
S23,Uniform,6,300;380;460;540;620;700,0.9605911330049262,0.2141423043052253,0.9768578586609172
S23,Uniform,8,300;355;415;470;530;585;645;700,0.983032293377121,0.1827350355808111,0.9833177891311556
S24,NAIG,2,365;425,0.8702791461412153,0.2923005490473331,0.9578439393650388
S24,NAIG,3,365;425;480,0.9151614668856048,0.2916590811751421,0.9584681640154712
S24,NAIG,4,365;425;480;620,0.9173508483853312,0.2886297259689968,0.9585269089740464
S24,NAIG,6,365;425;480;620;545;330,0.9507389162561576,0.3129962343347329,0.9522586669359164
S24,NAIG,8,365;425;480;620;545;330;505;305,0.9759168035030104,0.3518446595596086,0.936510027735908
S24,Uniform,2,300;700,0.8489326765188834,0.3301336904110206,0.9440117535998496
S24,Uniform,3,300;500;700,0.926655719759168,0.3087848663628696,0.9525798686480056
S24,Uniform,4,300;435;565;700,0.9589490968801314,0.3058499866893925,0.9527391164660464
S24,Uniform,6,300;380;460;540;620;700,0.9649698960043788,0.2778045953521917,0.9625195846062292
S24,Uniform,8,300;355;415;470;530;585;645;700,0.9797482211275312,0.2705126469652889,0.962722946888686
S25,NAIG,2,365;425,0.9540229885057472,0.2178660845307675,0.9788665570925438
S25,NAIG,3,365;425;480,0.9540229885057472,0.209281582183969,0.9795661885950808
S25,NAIG,4,365;425;480;620,0.9578544061302684,0.2075317124760453,0.979782486523331
S25,NAIG,6,365;425;480;620;660;695,0.9507389162561576,0.2068833250287943,0.979964226386082
S25,NAIG,8,365;425;480;620;660;695;450;505,0.9507389162561576,0.1864953790909215,0.9829942386158024
S25,Uniform,2,300;700,0.7909140667761357,0.2725650824699425,0.9650204758189124
S25,Uniform,3,300;500;700,0.9578544061302684,0.2605058666424106,0.9736527795287035
S25,Uniform,4,300;435;565;700,0.9469074986316364,0.2696569660732324,0.96848156200734
S25,Uniform,6,300;380;460;540;620;700,0.986863711001642,0.2329259984454041,0.9741388612397208
S25,Uniform,8,300;355;415;470;530;585;645;700,0.9950738916256158,0.1919923637146827,0.981545934333674
S26,NAIG,2,365;425,0.8232074438970991,0.2452138301323595,0.9701265846523148
S26,NAIG,3,365;425;620,0.8494800218938151,0.2463179240770203,0.9697775117318898
S26,NAIG,4,365;425;620;545,0.8949096880131364,0.2456992437418986,0.9698954468220756
S26,NAIG,6,365;425;620;545;475;345,0.9386973180076628,0.2611907982533731,0.9681656653258284
S26,NAIG,8,365;425;620;545;475;345;505;305,0.9512862616310892,0.2625535974980112,0.9649808584146612
S26,Uniform,2,300;700,0.8149972632731255,0.2757672911933825,0.9622722100514296
S26,Uniform,3,300;500;700,0.9146141215106732,0.2572379138865162,0.969546051301746
S26,Uniform,4,300;435;565;700,0.921729611384784,0.2846596703669375,0.958635171006626
S26,Uniform,6,300;380;460;540;620;700,0.971538040503558,0.234144126848677,0.9734812962972812
S26,Uniform,8,300;355;415;470;530;585;645;700,0.9906951286261632,0.2241978829867014,0.974560290920918
S27,NAIG,2,365;620,0.950191570881226,0.24044831225049,0.9721536766340128
S27,NAIG,3,365;620;545,0.9578544061302684,0.2384446847244976,0.9726175677210837
S27,NAIG,4,365;620;545;450,0.956759715380405,0.2445290039657388,0.9717413838756668
S27,NAIG,6,365;620;545;450;425;685,0.9315818281335524,0.2362743794849819,0.9727827874052392
S27,NAIG,8,365;620;545;450;425;685;475;505,0.9381499726327313,0.227442830160759,0.9743244789050548
S27,Uniform,2,300;700,0.8773946360153257,0.2738578661277893,0.9619251599407744
S27,Uniform,3,300;500;700,0.9523809523809524,0.2356427467533974,0.9723697440082844
S27,Uniform,4,300;435;565;700,0.9584017515052,0.2374021473942308,0.971580137952378
S27,Uniform,6,300;380;460;540;620;700,0.9693486590038314,0.2164971929292405,0.9769926488538364
S27,Uniform,8,300;355;415;470;530;585;645;700,0.9748221127531472,0.2131811646475677,0.9771014758419247
S28,NAIG,2,365;425,0.9496442255062946,0.183012084916524,0.9834223957895636
S28,NAIG,3,365;425;620,0.9518336070060208,0.1791806424134799,0.9838537853660864
S28,NAIG,4,365;425;620;545,0.9584017515051996,0.1778006599241795,0.984110571698134
S28,NAIG,6,365;425;620;545;465;335,0.9748221127531472,0.1972727627952568,0.980547392856881
S28,NAIG,8,365;425;620;545;465;335;660;505,0.9781061850027366,0.1894704919414954,0.9818996045067424
S28,Uniform,2,300;700,0.9315818281335522,0.2088812962125188,0.9779792736314376
S28,Uniform,3,300;500;700,0.955665024630542,0.1949824094361355,0.98188903044353
S28,Uniform,4,300;435;565;700,0.9797482211275316,0.1929739746760322,0.9812234764716484
S28,Uniform,6,300;380;460;540;620;700,0.9786535303776684,0.1835329701549026,0.9831060201998368
S28,Uniform,8,300;355;415;470;530;585;645;700,0.9939792008757528,0.1743812090172039,0.9848276937348605
S30,NAIG,2,365;425,0.949096880131363,0.1914018211363729,0.982361640228894
S30,NAIG,3,365;425;480,0.9682539682539684,0.1876274345635242,0.9829688796053162
S30,NAIG,4,365;425;480;620,0.9688013136289,0.182023956153644,0.9838172652272964
S30,NAIG,6,365;425;480;620;545;330,0.9852216748768474,0.199916599096988,0.9814507127032264
S30,NAIG,8,365;425;480;620;545;330;505;400,0.9917898193760264,0.1920741177875507,0.9825018572646292
S30,Uniform,2,300;700,0.8106185002736727,0.1870301448042044,0.9823849279456622
S30,Uniform,3,300;500;700,0.8500273672687466,0.1737596033495723,0.9849124570266998
S30,Uniform,4,300;435;565;700,0.9578544061302684,0.1820222483289942,0.9834006984617256
S30,Uniform,6,300;380;460;540;620;700,0.971538040503558,0.1746912293487718,0.9846799148195332
S30,Uniform,8,300;355;415;470;530;585;645;700,0.9846743295019156,0.157858837709708,0.9876979322419306
