site_id,outer_fold,strategy,K,selected_ex,relative_frobenius_error_fullrange,relative_frobenius_error_interpdomain,nrmse_energy_fullrange,spectral_cosine_fullrange,spectral_cosine_interpdomain,n_eval_fullrange,n_eval_interpdomain,rho_structure
S01,0,NAIG,2,425;360,0.35981867351359137,0.14875810400669232,0.35981867351359137,0.9491612357010553,0.9888743410371407,4031,949,0.9370552818828682
S01,0,NAIG,3,425;360;620,0.2377265029514943,0.25056616173793517,0.23772650295149433,0.9732634400015835,0.9697609250544237,4031,2786,0.9403393541324576
S01,0,NAIG,4,425;360;620;500,0.21562862374790243,0.2205606870715594,0.2156286237479025,0.9766404212341507,0.975392154183785,4031,2786,0.9354132457580736
S01,0,NAIG,6,425;360;620;500;465;305,0.2013738696895371,0.20272504757311632,0.20137386968953713,0.9799159185371829,0.9797503311498466,4139,3672,0.9239189928845104
S01,0,NAIG,8,425;360;620;500;465;305;540;660,0.20226890384944424,0.20356025268933728,0.20226890384944424,0.9796560869949544,0.9794185474042035,4139,3892,0.9195402298850576
S01,0,Uniform,2,300;700,0.327355263442868,0.327355263442868,0.327355263442868,0.950043523151404,0.950043523151404,3782,3782,0.7203065134099618
S01,0,Uniform,3,300;500;700,0.30757684745122343,0.30757684745122343,0.30757684745122343,0.9574818961531435,0.9574818961531435,3885,3885,0.8171866447728517
S01,0,Uniform,4,300;435;565;700,0.3116320509885442,0.3116320509885442,0.3116320509885442,0.9531934357656187,0.9531934357656187,4142,4142,0.9069512862616312
S01,0,Uniform,6,300;380;460;540;620;700,0.21981975094758682,0.21981975094758682,0.21981975094758682,0.9759571781574108,0.9759571781574108,4142,4142,0.8582375478927203
S01,0,Uniform,8,300;355;415;470;530;585;645;700,0.18686362580781685,0.18686362580781685,0.18686362580781682,0.9825785527360721,0.9825785527360721,4142,4142,0.949096880131363
S02,1,NAIG,2,365;620,0.2865436128203683,0.3192341124666924,0.2865436128203682,0.9581198508447449,0.9486929618498642,4017,2712,0.9578544061302684
S02,1,NAIG,3,365;620;450,0.24935987356929584,0.2668315309812989,0.24935987356929581,0.9684385807719327,0.9647123977891354,4017,2712,0.8741105637657363
S02,1,NAIG,4,365;620;450;695,0.24646694785644613,0.2601132578244431,0.24646694785644616,0.9691898368964909,0.9665417896273454,4017,3079,0.875752599890531
S02,1,NAIG,6,365;620;450;695;545;425,0.23372525802722316,0.2337391562591998,0.23372525802722316,0.9750120027089354,0.9744445616461043,4017,3079,0.9469074986316368
S02,1,NAIG,8,365;620;450;695;545;425;475;505,0.2242828800874828,0.22022733415586745,0.22428288008748276,0.9771051388561643,0.9774329792741953,4017,3079,0.94471811713191
S02,1,Uniform,2,300;700,0.28257566110062066,0.28257566110062066,0.2825756611006207,0.9619646347128836,0.9619646347128836,3782,3782,0.878489326765189
S02,1,Uniform,3,300;500;700,0.26930503952799056,0.26930503952799056,0.2693050395279905,0.9664143333877,0.9664143333877,3885,3885,0.929392446633826
S02,1,Uniform,4,300;435;565;700,0.26090684514436874,0.26090684514436874,0.26090684514436874,0.9654460085729322,0.9654460085729322,4142,4142,0.955665024630542
S02,1,Uniform,6,300;380;460;540;620;700,0.20980978589186977,0.20980978589186977,0.20980978589186972,0.978491424264273,0.978491424264273,4142,4142,0.9753694581280788
S02,1,Uniform,8,300;355;415;470;530;585;645;700,0.19434151799463312,0.19434151799463312,0.19434151799463312,0.9816294751453801,0.9816294751453801,4142,4142,0.9863163656267104
S03,2,NAIG,2,470;545,0.7777479969515391,0.5721852972859857,0.7777479969515391,0.8682671970964001,0.9510720389855389,3536,773,0.3979200875752601
S03,2,NAIG,3,470;545;620,0.6101602573885209,0.40078442340348386,0.6101602573885208,0.901778812704232,0.9741008762581859,3536,1299,0.4094143404488232
S03,2,NAIG,4,470;545;620;425,0.40203593631758383,0.28563424864390863,0.4020359363175838,0.9336134145450538,0.974939415264656,3878,1896,0.6568144499178982
S03,2,NAIG,6,470;545;620;425;375;305,0.216664014410118,0.2174809886776256,0.216664014410118,0.9787044482977477,0.9788453381429819,4139,3672,0.935960591133005
S03,2,NAIG,8,470;545;620;425;375;305;445;675,0.21203665161036428,0.21300085047147008,0.2120366516103643,0.979934653822489,0.9797628314869062,4139,3961,0.929392446633826
S03,2,Uniform,2,300;700,0.4622412057781667,0.4622412057781667,0.46224120577816674,0.8927509618719254,0.8927509618719254,3782,3782,0.3349753694581281
S03,2,Uniform,3,300;500;700,0.38083239963083904,0.38083239963083904,0.38083239963083904,0.9247508769844942,0.9247508769844942,3885,3885,0.8193760262725781
S03,2,Uniform,4,300;435;565;700,0.33647287329574027,0.33647287329574027,0.3364728732957403,0.9457036006607438,0.9457036006607438,4142,4142,0.9014778325123152
S03,2,Uniform,6,300;380;460;540;620;700,0.18670084578600563,0.18670084578600563,0.18670084578600565,0.9824227513217737,0.9824227513217737,4142,4142,0.9403393541324576
S03,2,Uniform,8,300;355;415;470;530;585;645;700,0.17345983799122053,0.17345983799122053,0.17345983799122058,0.9863949282249332,0.9863949282249332,4142,4142,0.9824849480021896
S04,3,NAIG,2,425;360,0.3864584615277448,0.47647146275253976,0.38645846152774477,0.9378586766989322,0.9267653369489003,4031,949,0.9841269841269844
S04,3,NAIG,3,425;360;620,0.385401230800743,0.5268856981025898,0.38540123080074307,0.9377513494976896,0.9195852887479847,4031,2786,0.9868637110016422
S04,3,NAIG,4,425;360;620;465,0.3480407979598944,0.4429710925515318,0.34804079795989445,0.9459251603220361,0.9315276627952862,4031,2786,0.9737274220032844
S04,3,NAIG,6,425;360;620;465;545;525,0.3445828568747947,0.43473794649966924,0.34458285687479473,0.9466017679808374,0.9323239887101002,4031,2786,0.9770114942528736
S04,3,NAIG,8,425;360;620;465;545;525;505;695,0.34335537555844114,0.42759199239352913,0.3433553755584412,0.9467785953992062,0.9331529557311894,4031,3153,0.9786535303776684
S04,3,Uniform,2,300;700,0.4337658040580569,0.4337658040580569,0.43376580405805687,0.9147387458482099,0.9147387458482099,3782,3782,0.9064039408866996
S04,3,Uniform,3,300;500;700,0.43393372731486496,0.43393372731486496,0.433933727314865,0.9186975621832895,0.9186975621832895,3885,3885,0.9682539682539684
S04,3,Uniform,4,300;435;565;700,0.4423983051400265,0.4423983051400265,0.44239830514002654,0.9176312606851779,0.9176312606851779,4142,4142,0.9792008757526
S04,3,Uniform,6,300;380;460;540;620;700,0.4250998923174594,0.4250998923174594,0.4250998923174594,0.912732612465352,0.912732612465352,4142,4142,0.9906951286261632
S04,3,Uniform,8,300;355;415;470;530;585;645;700,0.3580493935409186,0.3580493935409186,0.35804939354091875,0.9349537912339788,0.9349537912339788,4142,4142,0.9928845101258896
S05,4,NAIG,2,365;620,0.20556275510622873,0.21583387133354143,0.20556275510622876,0.9794508008308539,0.9795618829797763,4017,2712,0.8385331143951834
S05,4,NAIG,3,365;620;435,0.18921102809726673,0.18738154823484598,0.18921102809726675,0.9821340641728008,0.983295536215995,4017,2712,0.9627805145046526
S05,4,NAIG,4,365;620;435;545,0.18633339795130885,0.18296663098739774,0.18633339795130888,0.9826203364758028,0.9838679699161512,4017,2712,0.9644225506294472
S05,4,NAIG,6,365;620;435;545;475;345,0.18945550974983377,0.17736684546277173,0.1894555097498338,0.9828016640315677,0.9846202447730653,4120,3031,0.9846743295019158
S05,4,NAIG,8,365;620;435;545;475;345;305;505,0.1641269895069584,0.16381192961161783,0.1641269895069584,0.9866547314885248,0.9867294902897489,4139,3672,0.9863163656267104
S05,4,Uniform,2,300;700,0.21731351738565657,0.21731351738565657,0.2173135173856566,0.9769431601688946,0.9769431601688946,3782,3782,0.6962233169129721
S05,4,Uniform,3,300;500;700,0.18542961706384867,0.18542961706384867,0.1854296170638487,0.9826605831713452,0.9826605831713452,3885,3885,0.8412698412698415
S05,4,Uniform,4,300;435;565;700,0.18870620654576012,0.18870620654576012,0.1887062065457601,0.9820443288479297,0.9820443288479297,4142,4142,0.9195402298850576
S05,4,Uniform,6,300;380;460;540;620;700,0.17843954044056512,0.17843954044056512,0.17843954044056512,0.9840413075470806,0.9840413075470806,4142,4142,0.9430760810071156
S05,4,Uniform,8,300;355;415;470;530;585;645;700,0.1719851548689386,0.1719851548689386,0.1719851548689386,0.9860141034011202,0.9860141034011202,4142,4142,0.9852216748768474
S06,5,NAIG,2,365;425,0.6101482217164914,0.4871653031888763,0.6101482217164914,0.8060942325072347,0.8752345043020758,4017,875,0.9693486590038316
S06,5,NAIG,3,365;425;610,0.609841765940359,0.5344455345314476,0.609841765940359,0.8053492256866607,0.8482870461034987,4017,2655,0.9781061850027368
S06,5,NAIG,4,365;425;610;545,0.610279076113083,0.5351310036074541,0.610279076113083,0.8058416011273153,0.8471192927353666,4017,2655,0.9770114942528736
S06,5,NAIG,6,365;425;610;545;505;450,0.5619157347365707,0.4614505193283106,0.5619157347365707,0.844437684832514,0.8872234651080733,4017,2655,0.9436234263820472
S06,5,NAIG,8,365;425;610;545;505;450;305;695,0.504973535821501,0.5076713476224992,0.5049735358215011,0.8636200388216064,0.8620973996042314,4139,4039,0.9688013136289
S06,5,Uniform,2,300;700,0.6458905269782164,0.6458905269782164,0.6458905269782164,0.7832669019475084,0.7832669019475084,3782,3782,0.8149972632731254
S06,5,Uniform,3,300;500;700,0.6383526079779658,0.6383526079779658,0.6383526079779658,0.7820889947878827,0.7820889947878827,3885,3885,0.9020251778872468
S06,5,Uniform,4,300;435;565;700,0.627489671410028,0.627489671410028,0.6274896714100279,0.7789630282734716,0.7789630282734716,4142,4142,0.9830322933771212
S06,5,Uniform,6,300;380;460;540;620;700,0.5648078342247765,0.5648078342247765,0.5648078342247765,0.8285099263059743,0.8285099263059743,4142,4142,0.981937602627258
S06,5,Uniform,8,300;355;415;470;530;585;645;700,0.5449812609236478,0.5449812609236478,0.5449812609236477,0.8385035477711716,0.8385035477711716,4142,4142,0.9906951286261632
S07,6,NAIG,2,365;425,0.2716464068492699,0.21296391325407035,0.2716464068492699,0.9657966596222051,0.9792811769491409,4017,875,0.8659003831417625
S07,6,NAIG,3,365;425;480,0.2730020780733993,0.2753704641920684,0.2730020780733994,0.964826273426123,0.9623966782620836,4017,1548,0.8461959496442256
S07,6,NAIG,4,365;425;480;575,0.2681816454573231,0.28230307653718034,0.2681816454573231,0.9655673217000074,0.9598948734334525,4017,2423,0.8872468527640942
S07,6,NAIG,6,365;425;480;575;510;305,0.2460427092607892,0.24819161016414584,0.24604270926078917,0.9701946257060243,0.969690947547067,4139,3383,0.9540229885057474
S07,6,NAIG,8,365;425;480;575;510;305;695;625,0.24427243280407523,0.24674501231165416,0.2442724328040752,0.9705538996044004,0.9700246745818575,4139,4039,0.9715380405035576
S07,6,Uniform,2,300;700,0.32627734940041875,0.32627734940041875,0.32627734940041864,0.9551992488199629,0.9551992488199629,3782,3782,0.5593869731800767
S07,6,Uniform,3,300;500;700,0.31251966721072727,0.31251966721072727,0.31251966721072727,0.9622107253518082,0.9622107253518082,3885,3885,0.8308702791461414
S07,6,Uniform,4,300;435;565;700,0.30866179417579576,0.30866179417579576,0.30866179417579565,0.9604565923481378,0.9604565923481378,4142,4142,0.9337712096332788
S07,6,Uniform,6,300;380;460;540;620;700,0.2739200048154785,0.2739200048154785,0.2739200048154784,0.9638378383861194,0.9638378383861194,4142,4142,0.9589490968801314
S07,6,Uniform,8,300;355;415;470;530;585;645;700,0.24914698634866095,0.24914698634866095,0.24914698634866095,0.9685776767483136,0.9685776767483136,4142,4142,0.984126984126984
S08,7,NAIG,2,365;425,0.18468530061766633,0.14638745826295335,0.18468530061766633,0.9848261357936363,0.9899605537485204,4017,875,0.934865900383142
S08,7,NAIG,3,365;425;480,0.1844519370530696,0.15554536415889214,0.18445193705306961,0.9834198625513263,0.9882750955612124,4017,1548,0.9408866995073892
S08,7,NAIG,4,365;425;480;620,0.18119926900548836,0.16187153126678328,0.18119926900548836,0.9840659129365743,0.9868751439073578,4017,2712,0.9408866995073892
S08,7,NAIG,6,365;425;480;620;545;330,0.15315765977503298,0.15048621796412368,0.15315765977503298,0.9883007822230431,0.9886535290878491,4105,3255,0.9447181171319105
S08,7,NAIG,8,365;425;480;620;545;330;505;400,0.15188361302301964,0.1488418375368424,0.15188361302301964,0.9884683788042696,0.9888804687417729,4105,3255,0.9742747673782158
S08,7,Uniform,2,300;700,0.188186769187737,0.188186769187737,0.18818676918773702,0.982188174072459,0.982188174072459,3782,3782,0.8483853311439519
S08,7,Uniform,3,300;500;700,0.17322150653371715,0.17322150653371715,0.17322150653371712,0.9854296411750552,0.9854296411750552,3885,3885,0.8587848932676518
S08,7,Uniform,4,300;435;565;700,0.17137910114582772,0.17137910114582772,0.1713791011458277,0.9857878687741276,0.9857878687741276,4142,4142,0.908593322386426
S08,7,Uniform,6,300;380;460;540;620;700,0.16275798215681425,0.16275798215681425,0.16275798215681422,0.9867495280496879,0.9867495280496879,4142,4142,0.9064039408866996
S08,7,Uniform,8,300;355;415;470;530;585;645;700,0.1574840091159254,0.1574840091159254,0.15748400911592533,0.9876273484281937,0.9876273484281937,4142,4142,0.976464148877942
S09,8,NAIG,2,365;425,0.18420697506756806,0.1647013018283455,0.18420697506756806,0.9841336245309243,0.9882357008337664,4017,875,0.9485495347564314
S09,8,NAIG,3,365;425;480,0.1711728366011811,0.1782984456841316,0.17117283660118113,0.9856349540917121,0.9866735555410858,4017,1548,0.9655172413793104
S09,8,NAIG,4,365;425;480;620,0.17198092513376753,0.1745910683930663,0.17198092513376753,0.9855999970754242,0.9867490693447185,4017,2712,0.9671592775041052
S09,8,NAIG,6,365;425;480;620;545;330,0.17250983734732714,0.17650690094575688,0.1725098373473271,0.9864618722858621,0.9857467855936268,4105,3255,0.9775588396278052
S09,8,NAIG,8,365;425;480;620;545;330;505;305,0.16651112900866832,0.16896465216295126,0.1665111290086683,0.9870752727133385,0.9867788503834541,4142,3674,0.9786535303776684
S09,8,Uniform,2,300;700,0.2247111066133422,0.2247111066133422,0.22471110661334218,0.9758975425570943,0.9758975425570943,3782,3782,0.7712096332785988
S09,8,Uniform,3,300;500;700,0.1992801398938974,0.1992801398938974,0.1992801398938974,0.9799465123953962,0.9799465123953962,3885,3885,0.9036672140120416
S09,8,Uniform,4,300;435;565;700,0.20507869936416298,0.20507869936416298,0.20507869936416298,0.9787727598124063,0.9787727598124063,4142,4142,0.9518336070060208
S09,8,Uniform,6,300;380;460;540;620;700,0.19623624009384819,0.19623624009384819,0.1962362400938482,0.9806675537325014,0.9806675537325014,4142,4142,0.9715380405035576
S09,8,Uniform,8,300;355;415;470;530;585;645;700,0.167953973710123,0.167953973710123,0.167953973710123,0.9865283947819796,0.9865283947819796,4142,4142,0.9896004378763
S10,9,NAIG,2,365;425,0.2754662944825802,0.24941388231281753,0.27546629448258014,0.9633329567412288,0.9735887161027471,4017,875,0.9698960043787632
S10,9,NAIG,3,365;425;620,0.2743506809641608,0.34400970954247606,0.2743506809641608,0.9635055979646328,0.9574744059454907,4017,2712,0.9748221127531472
S10,9,NAIG,4,365;425;620;450,0.23122041265874002,0.24223541947135466,0.23122041265874,0.9730494888489958,0.9740644673247011,4017,2712,0.9742747673782156
S10,9,NAIG,6,365;425;620;450;545;695,0.22946381216292888,0.23541251008049288,0.22946381216292885,0.9734146630018128,0.9749522291656985,4017,3079,0.980295566502463
S10,9,NAIG,8,365;425;620;450;545;695;505;475,0.22202715204524956,0.2156914770494794,0.22202715204524948,0.975048360626043,0.9779319081194081,4017,3079,0.9666119321291736
S10,9,Uniform,2,300;700,0.3239405714264444,0.3239405714264444,0.3239405714264444,0.9477322571132744,0.9477322571132744,3782,3782,0.8489326765188834
S10,9,Uniform,3,300;500;700,0.32006495835375715,0.32006495835375715,0.3200649583537571,0.9517461285422246,0.9517461285422246,3885,3885,0.9556650246305418
S10,9,Uniform,4,300;435;565;700,0.33058192893840027,0.33058192893840027,0.33058192893840027,0.9507656677935968,0.9507656677935968,4142,4142,0.976464148877942
S10,9,Uniform,6,300;380;460;540;620;700,0.3000909388247618,0.3000909388247618,0.3000909388247618,0.9550749424718529,0.9550749424718529,4142,4142,0.9890530925013684
S10,9,Uniform,8,300;355;415;470;530;585;645;700,0.2518483130967748,0.2518483130967748,0.2518483130967748,0.9691169625751462,0.9691169625751462,4142,4142,0.9950738916256158
S11,10,NAIG,2,365;425,0.23805643713539332,0.22303372246041756,0.2380564371353933,0.9753794916558921,0.9791868624601998,4017,875,0.9430760810071156
S11,10,NAIG,3,365;425;480,0.2193459312538267,0.24822797388622522,0.21934593125382668,0.9779372401753493,0.9744812829623596,4017,1548,0.9551176792556104
S11,10,NAIG,4,365;425;480;620,0.21895262962621864,0.23076777140861018,0.21895262962621861,0.97802713611305,0.9773612738422972,4017,2712,0.9534756431308156
S11,10,NAIG,6,365;425;480;620;545;330,0.23033096010800894,0.23623790919667456,0.23033096010800896,0.977281762610821,0.9745691298434026,4105,3255,0.9715380405035576
S11,10,NAIG,8,365;425;480;620;545;330;505;305,0.20894583351368715,0.21258842367348077,0.20894583351368712,0.9794496438272674,0.978760202869848,4142,3674,0.9737274220032842
S11,10,Uniform,2,300;700,0.2619179051398478,0.2619179051398478,0.2619179051398478,0.9668412076204576,0.9668412076204576,3782,3782,0.7931034482758622
S11,10,Uniform,3,300;500;700,0.2558778823539781,0.2558778823539781,0.2558778823539781,0.9703049749115866,0.9703049749115866,3885,3885,0.909688013136289
S11,10,Uniform,4,300;435;565;700,0.2637237504303027,0.2637237504303027,0.26372375043030266,0.9678764444726567,0.9678764444726567,4142,4142,0.9485495347564314
S11,10,Uniform,6,300;380;460;540;620;700,0.24428203929153208,0.24428203929153208,0.24428203929153208,0.9702103098353627,0.9702103098353627,4142,4142,0.9540229885057472
S11,10,Uniform,8,300;355;415;470;530;585;645;700,0.18968189175429165,0.18968189175429165,0.18968189175429162,0.9819431266265356,0.9819431266265356,4142,4142,0.9841269841269842
S12,11,NAIG,2,365;425,0.21078947840751147,0.1910162121423697,0.21078947840751147,0.979197259288967,0.9840727098520582,4017,875,0.9020251778872468
S12,11,NAIG,3,365;425;480,0.2022252841054527,0.21391134712855833,0.2022252841054527,0.980255168422272,0.9797336928196965,4017,1548,0.9529282977558836
S12,11,NAIG,4,365;425;480;620,0.2004067540891034,0.20031083126195715,0.20040675408910347,0.9806530145449408,0.9817244203359777,4017,2712,0.9562123700054737
S12,11,NAIG,6,365;425;480;620;545;330,0.20124174051339308,0.20686425583097448,0.20124174051339316,0.9820032168596448,0.9802205048822167,4105,3255,0.9359605911330048
S12,11,NAIG,8,365;425;480;620;545;330;400;505,0.1631393076738639,0.1552262504207282,0.16313930767386395,0.987438084830434,0.9880871725559995,4105,3255,0.9633278598795842
S12,11,Uniform,2,300;700,0.22640166272725012,0.22640166272725012,0.22640166272725015,0.9741856073723025,0.9741856073723025,3782,3782,0.8160919540229885
S12,11,Uniform,3,300;500;700,0.2113110458876947,0.2113110458876947,0.21131104588769478,0.9778096029128881,0.9778096029128881,3885,3885,0.9250136836343734
S12,11,Uniform,4,300;435;565;700,0.21936039870856702,0.21936039870856702,0.21936039870856705,0.976070043431952,0.976070043431952,4142,4142,0.9792008757526
S12,11,Uniform,6,300;380;460;540;620;700,0.2025180204877207,0.2025180204877207,0.20251802048772075,0.9792789745639773,0.9792789745639773,4142,4142,0.9501915708812264
S12,11,Uniform,8,300;355;415;470;530;585;645;700,0.18069930464580053,0.18069930464580053,0.18069930464580056,0.9838873267059056,0.9838873267059056,4142,4142,0.9912424740010948
S13,12,NAIG,2,365;425,0.21370064927391483,0.1984907470778301,0.21370064927391486,0.9809275912198614,0.9825283372295529,4017,875,0.9354132457580736
S13,12,NAIG,3,365;425;480,0.1996236791881607,0.21532051072106087,0.19962367918816074,0.9824794787355375,0.9804676881200474,4017,1548,0.9578544061302684
S13,12,NAIG,4,365;425;480;620,0.19829863372674122,0.20499595815396712,0.19829863372674128,0.982306678834831,0.9824688403206147,4017,2712,0.9584017515052
S13,12,NAIG,6,365;425;480;620;545;685,0.19405427249930285,0.19604980263943877,0.19405427249930288,0.9827399428270855,0.9830804957395584,4017,3042,0.9441707717569788
S13,12,NAIG,8,365;425;480;620;545;685;505;450,0.1818940458341715,0.17362651324018358,0.18189404583417154,0.984040457665038,0.9853375054520489,4017,3042,0.9616858237547894
S13,12,Uniform,2,300;700,0.2430146771654591,0.2430146771654591,0.2430146771654591,0.9703818588393666,0.9703818588393666,3782,3782,0.7903667214012041
S13,12,Uniform,3,300;500;700,0.23535722789845617,0.23535722789845617,0.23535722789845623,0.9732259508455102,0.9732259508455102,3885,3885,0.8626163108921729
S13,12,Uniform,4,300;435;565;700,0.24786638600054853,0.24786638600054853,0.24786638600054858,0.9701756240598438,0.9701756240598438,4142,4142,0.9315818281335524
S13,12,Uniform,6,300;380;460;540;620;700,0.21509979613255864,0.21509979613255864,0.2150997961325587,0.9769639972842397,0.9769639972842397,4142,4142,0.9337712096332786
S13,12,Uniform,8,300;355;415;470;530;585;645;700,0.17799125508421124,0.17799125508421124,0.17799125508421126,0.9842383613569741,0.9842383613569741,4142,4142,0.9830322933771212
S14,13,NAIG,2,365;620,0.36990907329036626,0.5304529424973126,0.3699090732903663,0.9447588142996007,0.934796732001789,4017,2712,0.947454844006568
S14,13,NAIG,3,365;620;480,0.33267446212369517,0.46096057303430915,0.33267446212369517,0.9509608832141035,0.9357957179033136,4017,2712,0.9720853858784894
S14,13,NAIG,4,365;620;480;425,0.2526923486992995,0.29905612268187104,0.2526923486992995,0.9689097461963787,0.9646949683719858,4017,2712,0.9737274220032842
S14,13,NAIG,6,365;620;480;425;545;325,0.2506977770163895,0.2687167580143694,0.25069777701638946,0.9720951993739961,0.9662147606237128,4112,3336,0.9824849480021892
S14,13,NAIG,8,365;620;480;425;545;325;525;450,0.22558232632767536,0.23784468270688622,0.22558232632767533,0.9763477180143105,0.9722776857735782,4112,3336,0.9819376026272578
S14,13,Uniform,2,300;700,0.31438290456055207,0.31438290456055207,0.3143829045605521,0.949691650313351,0.949691650313351,3782,3782,0.8866995073891628
S14,13,Uniform,3,300;500;700,0.30697056842460785,0.30697056842460785,0.30697056842460785,0.9538597883808299,0.9538597883808299,3885,3885,0.9573070607553368
S14,13,Uniform,4,300;435;565;700,0.31931489264701846,0.31931489264701846,0.3193148926470185,0.9513245575699193,0.9513245575699193,4142,4142,0.9786535303776684
S14,13,Uniform,6,300;380;460;540;620;700,0.2853299547679544,0.2853299547679544,0.2853299547679544,0.9592694263475157,0.9592694263475157,4142,4142,0.9896004378763
S14,13,Uniform,8,300;355;415;470;530;585;645;700,0.23754971007943187,0.23754971007943187,0.23754971007943185,0.9726133489166786,0.9726133489166786,4142,4142,0.9874110563765736
S15,14,NAIG,2,365;425,0.17973215202043769,0.16956828958176268,0.17973215202043769,0.9838874143576395,0.9862891925366919,4017,875,0.9157088122605364
S15,14,NAIG,3,365;425;620,0.17659546416781335,0.17005843326085113,0.17659546416781335,0.9846431328307992,0.9855490662452018,4017,2712,0.9277504105090312
S15,14,NAIG,4,365;425;620;545,0.17593971014956916,0.1682314722167838,0.1759397101495692,0.9846214679276794,0.9857633763643199,4017,2712,0.9376026272577996
S15,14,NAIG,6,365;425;620;545;475;345,0.16690624172573332,0.1598091151018238,0.16690624172573332,0.9865450761265575,0.9873286869344907,4120,3031,0.963327859879584
S15,14,NAIG,8,365;425;620;545;475;345;505;305,0.15601833066842674,0.15329543367180662,0.15601833066842674,0.988001761816122,0.9883430387369857,4139,3672,0.9726327312534212
S15,14,Uniform,2,300;700,0.17669130038609385,0.17669130038609385,0.17669130038609387,0.9842665949039989,0.9842665949039989,3782,3782,0.8773946360153257
S15,14,Uniform,3,300;500;700,0.16053334125164004,0.16053334125164004,0.16053334125164004,0.9880811465646064,0.9880811465646064,3885,3885,0.9184455391351944
S15,14,Uniform,4,300;435;565;700,0.16424413270260035,0.16424413270260035,0.16424413270260038,0.9865758515554546,0.9865758515554546,4142,4142,0.9666119321291736
S15,14,Uniform,6,300;380;460;540;620;700,0.1563736326309432,0.1563736326309432,0.1563736326309432,0.987702486568628,0.987702486568628,4142,4142,0.9720853858784896
S15,14,Uniform,8,300;355;415;470;530;585;645;700,0.14947804368828174,0.14947804368828174,0.14947804368828174,0.9888013285370817,0.9888013285370817,4142,4142,0.9928845101258896
S16,15,NAIG,2,365;425,0.23392504171128084,0.15820494966319493,0.23392504171128084,0.9734559453171963,0.9883830077137736,4017,875,0.9534756431308156
S16,15,NAIG,3,365;425;480,0.22324259983229464,0.21277269999794823,0.22324259983229464,0.9751242983313262,0.9797823437375556,4017,1548,0.93431855500821
S16,15,NAIG,4,365;425;480;620,0.21923782591378058,0.2037551163355815,0.21923782591378058,0.9759846076710876,0.9806265853014344,4017,2712,0.9211822660098524
S16,15,NAIG,6,365;425;480;620;545;325,0.21180877842032797,0.21461915020435862,0.21180877842032797,0.9804137443204602,0.9785139852308754,4112,3336,0.9649698960043788
S16,15,NAIG,8,365;425;480;620;545;325;505;400,0.17940664764687386,0.17296014289403344,0.17940664764687386,0.9851189245031664,0.9852329082290154,4112,3336,0.9704433497536946
S16,15,Uniform,2,300;700,0.2502829153483109,0.2502829153483109,0.2502829153483109,0.9681814635061259,0.9681814635061259,3782,3782,0.7668308702791462
S16,15,Uniform,3,300;500;700,0.23910721230687162,0.23910721230687162,0.23910721230687162,0.9722001316394338,0.9722001316394338,3885,3885,0.9069512862616312
S16,15,Uniform,4,300;435;565;700,0.2400489558737602,0.2400489558737602,0.24004895587376018,0.9719982728004404,0.9719982728004404,4142,4142,0.9682539682539684
S16,15,Uniform,6,300;380;460;540;620;700,0.2217394752949569,0.2217394752949569,0.2217394752949569,0.9751160259577961,0.9751160259577961,4142,4142,0.932129173508484
S16,15,Uniform,8,300;355;415;470;530;585;645;700,0.1959441663946135,0.1959441663946135,0.1959441663946135,0.9817267040528744,0.9817267040528744,4142,4142,0.9890530925013684
S17,16,NAIG,2,365;425,0.2087258104443328,0.18492988409483524,0.20872581044433286,0.9804862412031417,0.9839768898511487,4017,875,0.90311986863711
S17,16,NAIG,3,365;425;480,0.20587893622605263,0.19865937935608186,0.20587893622605263,0.9807673437439411,0.9816043525523401,4017,1548,0.9518336070060208
S17,16,NAIG,4,365;425;480;620,0.20459137422223517,0.18926345796743274,0.20459137422223514,0.9808439129742588,0.983089220082388,4017,2712,0.9688013136289
S17,16,NAIG,6,365;425;480;620;545;325,0.17320010552800308,0.1676448051729991,0.17320010552800305,0.9854445706749965,0.9860413324166438,4112,3336,0.9802955665024632
S17,16,NAIG,8,365;425;480;620;545;325;505;400,0.15733462799622389,0.1469658844982084,0.15733462799622389,0.9877699274379285,0.9891502770517685,4112,3336,0.9868637110016424
S17,16,Uniform,2,300;700,0.2403465753657079,0.2403465753657079,0.2403465753657079,0.9714743859351791,0.9714743859351791,3782,3782,0.808976464148878
S17,16,Uniform,3,300;500;700,0.22121242897519533,0.22121242897519533,0.22121242897519539,0.9786592538389488,0.9786592538389488,3885,3885,0.9129720853858784
S17,16,Uniform,4,300;435;565;700,0.21962100842765478,0.21962100842765478,0.21962100842765475,0.9788599081587669,0.9788599081587669,4142,4142,0.9802955665024632
S17,16,Uniform,6,300;380;460;540;620;700,0.1982739222337553,0.1982739222337553,0.19827392223375528,0.9805839152078647,0.9805839152078647,4142,4142,0.9622331691297208
S17,16,Uniform,8,300;355;415;470;530;585;645;700,0.16864813209327992,0.16864813209327992,0.1686481320932799,0.985685273387483,0.985685273387483,4142,4142,0.9852216748768472
S18,17,NAIG,2,365;480,0.20902517487942712,0.25203843569873613,0.20902517487942715,0.9820253932047738,0.977091069620364,4017,1548,0.9534756431308156
S18,17,NAIG,3,365;480;545,0.2053009499500403,0.23620962403239273,0.20530094995004033,0.98264878538098,0.9783839851870734,4017,2186,0.961138478379858
S18,17,NAIG,4,365;480;545;425,0.18280048504279064,0.19315280195763795,0.18280048504279062,0.9860580077371559,0.984941692432808,4017,2186,0.9480021893815
S18,17,NAIG,6,365;480;545;425;620;330,0.1818624856356457,0.1846708559785423,0.18186248563564575,0.9856052271030374,0.9850276650004235,4105,3255,0.9677066228790367
S18,17,NAIG,8,365;480;545;425;620;330;505;305,0.17033583727401563,0.16983720021955506,0.1703358372740157,0.9865744848573564,0.9868918661472932,4142,3674,0.9726327312534212
S18,17,Uniform,2,300;700,0.20854544102958084,0.20854544102958084,0.20854544102958084,0.9783206210699391,0.9783206210699391,3782,3782,0.8653530377668309
S18,17,Uniform,3,300;500;700,0.18458988030776524,0.18458988030776524,0.18458988030776527,0.9832915499097334,0.9832915499097334,3885,3885,0.9332238642583472
S18,17,Uniform,4,300;435;565;700,0.18744109918151913,0.18744109918151913,0.1874410991815191,0.982993809004756,0.982993809004756,4142,4142,0.9584017515052
S18,17,Uniform,6,300;380;460;540;620;700,0.18317180947724515,0.18317180947724515,0.18317180947724515,0.9833292788006447,0.9833292788006447,4142,4142,0.9562123700054737
S18,17,Uniform,8,300;355;415;470;530;585;645;700,0.1604529779558547,0.1604529779558547,0.16045297795585467,0.9873458481198292,0.9873458481198292,4142,4142,0.9775588396278052
S19,18,NAIG,2,325;410,0.35281973778213693,0.270594374276999,0.3528197377821369,0.9460739274305088,0.9627387642723809,4112,1294,0.9781061850027368
S19,18,NAIG,3,325;410;610,0.3111827800659562,0.3336489461627689,0.3111827800659561,0.9543851336585077,0.9452709280557181,4112,3279,0.9835796387520526
S19,18,NAIG,4,325;410;610;475,0.2999367331807927,0.3200745895617781,0.2999367331807927,0.9582717665707114,0.9502496496855524,4112,3279,0.9874110563765736
S19,18,NAIG,6,325;410;610;475;365;495,0.269485746509217,0.2841770482485051,0.269485746509217,0.969397311472705,0.9641128657574541,4112,3279,0.9967159277504108
S19,18,NAIG,8,325;410;610;475;365;495;305;700,0.25375048149893203,0.2573435890887363,0.25375048149893203,0.9704772251296455,0.9696096809267244,4144,4060,0.9956212370005476
S19,18,Uniform,2,300;700,0.3761516602116632,0.3761516602116632,0.3761516602116632,0.931638160059073,0.931638160059073,3782,3782,0.9545703338806788
S19,18,Uniform,3,300;500;700,0.35082833404422836,0.35082833404422836,0.3508283340442283,0.9415117283302602,0.9415117283302602,3885,3885,0.975369458128079
S19,18,Uniform,4,300;435;565;700,0.3663465776660978,0.3663465776660978,0.3663465776660977,0.9331545130038122,0.9331545130038122,4142,4142,0.9720853858784896
S19,18,Uniform,6,300;380;460;540;620;700,0.3001222813488381,0.3001222813488381,0.30012228134883806,0.9547865995978071,0.9547865995978071,4142,4142,0.9967159277504106
S19,18,Uniform,8,300;355;415;470;530;585;645;700,0.24314941557132294,0.24314941557132294,0.24314941557132294,0.9717487435777057,0.9717487435777057,4142,4142,0.9967159277504106
S20,19,NAIG,2,365;480,0.2716722050495158,0.3474799786189117,0.2716722050495158,0.9676960878727624,0.964343969680945,4017,1548,0.9562123700054734
S20,19,NAIG,3,365;480;630,0.2660303151598927,0.33436718035465995,0.2660303151598927,0.9698673569407376,0.9635906874365148,4017,2768,0.963327859879584
S20,19,NAIG,4,365;480;630;545,0.26387086487980194,0.33038413128050076,0.263870864879802,0.9703618318867402,0.9645356327824746,4017,2768,0.960591133004926
S20,19,NAIG,6,365;480;630;545;425;695,0.21031162533365577,0.222541859744288,0.21031162533365572,0.9787866306946811,0.977789570104217,4017,3079,0.9540229885057472
S20,19,NAIG,8,365;480;630;545;425;695;510;400,0.19337877870592474,0.16929390777282396,0.19337877870592474,0.9812961299945113,0.9860696081173559,4052,3089,0.9573070607553368
S20,19,Uniform,2,300;700,0.290049147215651,0.290049147215651,0.290049147215651,0.9642711187497093,0.9642711187497093,3782,3782,0.8604269293924467
S20,19,Uniform,3,300;500;700,0.2840854210461063,0.2840854210461063,0.2840854210461063,0.9709158932662498,0.9709158932662498,3885,3885,0.9408866995073892
S20,19,Uniform,4,300;435;565;700,0.2931076073380487,0.2931076073380487,0.2931076073380487,0.9680782169563975,0.9680782169563975,4142,4142,0.976464148877942
S20,19,Uniform,6,300;380;460;540;620;700,0.25025305171517226,0.25025305171517226,0.25025305171517226,0.9703184004318891,0.9703184004318891,4142,4142,0.975369458128079
S20,19,Uniform,8,300;355;415;470;530;585;645;700,0.20205865945573548,0.20205865945573548,0.20205865945573542,0.9795544376373588,0.9795544376373588,4142,4142,0.9868637110016422
S21,20,NAIG,2,365;545,0.705752877407163,0.6250855891365483,0.7057528774071631,0.7569746694220071,0.7813734765767385,4017,2186,0.9277504105090312
S21,20,NAIG,3,365;545;480,0.6838199009775067,0.5900441994689263,0.6838199009775069,0.7702788352066114,0.8073720809880327,4017,2186,0.9567597153804052
S21,20,NAIG,4,365;545;480;620,0.6837092621523367,0.5859903540802904,0.6837092621523368,0.7702804925059125,0.8103292948259477,4017,2712,0.9430760810071156
S21,20,NAIG,6,365;545;480;620;425;695,0.637880805202449,0.5087016329356655,0.637880805202449,0.808851907010382,0.8610138201191095,4017,3079,0.9277504105090312
S21,20,NAIG,8,365;545;480;620;425;695;505;450,0.5926734728418458,0.42756604122892017,0.5926734728418458,0.8394185457886456,0.9039842000627559,4017,3079,0.942528735632184
S21,20,Uniform,2,300;700,0.662074646325469,0.662074646325469,0.662074646325469,0.7628724092048386,0.7628724092048386,3782,3782,0.8177339901477834
S21,20,Uniform,3,300;500;700,0.6437700972203241,0.6437700972203241,0.6437700972203241,0.7853883294414046,0.7853883294414046,3885,3885,0.8927203065134102
S21,20,Uniform,4,300;435;565;700,0.6398349795176516,0.6398349795176516,0.6398349795176518,0.7708309291668166,0.7708309291668166,4142,4142,0.9792008757526
S21,20,Uniform,6,300;380;460;540;620;700,0.5742383875419789,0.5742383875419789,0.5742383875419789,0.8212778860219655,0.8212778860219655,4142,4142,0.9748221127531476
S21,20,Uniform,8,300;355;415;470;530;585;645;700,0.5493426874227995,0.5493426874227995,0.5493426874227996,0.8358212260565356,0.8358212260565356,4142,4142,0.9890530925013684
S22,21,NAIG,2,365;695,0.5834917585256404,0.5032092945284421,0.5834917585256405,0.8343705383332308,0.8641656512948225,4017,3079,0.9392446633825944
S22,21,NAIG,3,365;695;425,0.5603527157373824,0.46701132175369603,0.5603527157373823,0.859101117339893,0.8871329602500455,4017,3079,0.9512862616310894
S22,21,NAIG,4,365;695;425;545,0.5291531774631066,0.4154519891248285,0.5291531774631066,0.8666930090240443,0.9098163824747885,4017,3079,0.9501915708812262
S22,21,NAIG,6,365;695;425;545;480;620,0.5187032080287485,0.39742096877806227,0.5187032080287484,0.8728464009117718,0.917825121895438,4017,3079,0.9518336070060208
S22,21,NAIG,8,365;695;425;545;480;620;315;335,0.4244214308629526,0.4200214387977982,0.42442143086295253,0.905732854967629,0.9086420257505416,4141,3876,0.952928297755884
S22,21,Uniform,2,300;700,0.6056297417454498,0.6056297417454498,0.6056297417454498,0.82326233878717,0.82326233878717,3782,3782,0.8489326765188835
S22,21,Uniform,3,300;500;700,0.5839165807504517,0.5839165807504517,0.5839165807504518,0.8370572009223035,0.8370572009223035,3885,3885,0.8949096880131364
S22,21,Uniform,4,300;435;565;700,0.5588484497197718,0.5588484497197718,0.5588484497197717,0.8304269309603818,0.8304269309603818,4142,4142,0.9605911330049264
S22,21,Uniform,6,300;380;460;540;620;700,0.4786111274389454,0.4786111274389454,0.4786111274389453,0.8829578592295221,0.8829578592295221,4142,4142,0.981937602627258
S22,21,Uniform,8,300;355;415;470;530;585;645;700,0.46620927543182694,0.46620927543182694,0.4662092754318269,0.884720308256242,0.884720308256242,4142,4142,0.9906951286261632
S23,22,NAIG,2,400;660,0.29765382218665165,0.3061980556978407,0.29765382218665165,0.9559735654074422,0.9648038753719665,3901,2441,0.794745484400657
S23,22,NAIG,3,400;660;620,0.3010929750709953,0.31401886565970044,0.3010929750709953,0.9563274730746026,0.9702872114379493,3901,2441,0.8631636562671046
S23,22,NAIG,4,400;660;620;535,0.2932053338599823,0.295517616693392,0.29320533385998226,0.957488150397211,0.9688234503288078,3901,2441,0.8675424192665572
S23,22,NAIG,6,400;660;620;535;365;435,0.21676700408168512,0.19505663518956276,0.21676700408168514,0.9783085855345959,0.9833173414766186,4052,2942,0.9649698960043788
S23,22,NAIG,8,400;660;620;535;365;435;695;505,0.21152721962657572,0.18392459564149508,0.21152721962657578,0.978861960489065,0.9843143345309631,4052,3089,0.970990695128626
S23,22,Uniform,2,300;700,0.2543826308307444,0.2543826308307444,0.2543826308307444,0.968179106193197,0.968179106193197,3782,3782,0.7728516694033938
S23,22,Uniform,3,300;500;700,0.2504417184024785,0.2504417184024785,0.2504417184024785,0.9717251609995224,0.9717251609995224,3885,3885,0.912424740010947
S23,22,Uniform,4,300;435;565;700,0.24865355520133717,0.24865355520133717,0.24865355520133714,0.9706384992859524,0.9706384992859524,4142,4142,0.9638752052545156
S23,22,Uniform,6,300;380;460;540;620;700,0.21414230430522538,0.21414230430522538,0.21414230430522535,0.9768578586609172,0.9768578586609172,4142,4142,0.9605911330049262
S23,22,Uniform,8,300;355;415;470;530;585;645;700,0.18273503558081114,0.18273503558081114,0.1827350355808111,0.9833177891311555,0.9833177891311555,4142,4142,0.983032293377121
S24,23,NAIG,2,365;425,0.2923005490473331,0.2582955475573408,0.29230054904733316,0.9578439393650388,0.9661125413352146,4017,875,0.8702791461412153
S24,23,NAIG,3,365;425;480,0.2916590811751421,0.28349360269919854,0.29165908117514217,0.9584681640154713,0.9589814610225575,4017,1548,0.9151614668856048
S24,23,NAIG,4,365;425;480;620,0.28862972596899683,0.26220118957887256,0.2886297259689969,0.9585269089740464,0.9650363434035069,4017,2712,0.9173508483853312
S24,23,NAIG,6,365;425;480;620;545;330,0.2566459093339381,0.2561032887992073,0.2566459093339381,0.966611461292023,0.9666609559984689,4105,3255,0.9507389162561576
S24,23,NAIG,8,365;425;480;620;545;330;505;305,0.2504995479221844,0.2515808527013248,0.25049954792218443,0.9681604978777307,0.9678919624460146,4142,3674,0.9759168035030104
S24,23,Uniform,2,300;700,0.33013369041102064,0.33013369041102064,0.33013369041102064,0.9440117535998497,0.9440117535998497,3782,3782,0.8489326765188834
S24,23,Uniform,3,300;500;700,0.3087848663628696,0.3087848663628696,0.30878486636286956,0.9525798686480056,0.9525798686480056,3885,3885,0.926655719759168
S24,23,Uniform,4,300;435;565;700,0.3058499866893925,0.3058499866893925,0.30584998668939256,0.9527391164660464,0.9527391164660464,4142,4142,0.9589490968801314
S24,23,Uniform,6,300;380;460;540;620;700,0.2778045953521917,0.2778045953521917,0.27780459535219165,0.9625195846062291,0.9625195846062291,4142,4142,0.9649698960043788
S24,23,Uniform,8,300;355;415;470;530;585;645;700,0.2705126469652889,0.2705126469652889,0.2705126469652889,0.9627229468886859,0.9627229468886859,4142,4142,0.9797482211275312
S25,24,NAIG,2,365;425,0.21786608453076753,0.18051766338444486,0.21786608453076753,0.9788665570925438,0.985280043771039,4017,875,0.9540229885057472
S25,24,NAIG,3,365;425;480,0.20928158218396903,0.2348770473236328,0.20928158218396908,0.9795661885950809,0.9752502885768454,4017,1548,0.9540229885057472
S25,24,NAIG,4,365;425;480;620,0.2075317124760453,0.22939358143076138,0.20753171247604532,0.979782486523331,0.9758317591335121,4017,2712,0.9578544061302684
S25,24,NAIG,6,365;425;480;620;660;695,0.20688332502879436,0.22596667144096283,0.20688332502879436,0.979964226386082,0.9764262471903684,4017,3079,0.9507389162561576
S25,24,NAIG,8,365;425;480;620;660;695;450;505,0.18322436570747194,0.1781051895370725,0.18322436570747197,0.9835275691358077,0.98408421935234,4017,3079,0.9507389162561576
S25,24,Uniform,2,300;700,0.2725650824699425,0.2725650824699425,0.27256508246994243,0.9650204758189125,0.9650204758189125,3782,3782,0.7909140667761357
S25,24,Uniform,3,300;500;700,0.26050586664241066,0.26050586664241066,0.26050586664241077,0.9736527795287035,0.9736527795287035,3885,3885,0.9578544061302684
S25,24,Uniform,4,300;435;565;700,0.2696569660732324,0.2696569660732324,0.2696569660732324,0.96848156200734,0.96848156200734,4142,4142,0.9469074986316364
S25,24,Uniform,6,300;380;460;540;620;700,0.23292599844540415,0.23292599844540415,0.23292599844540424,0.9741388612397209,0.9741388612397209,4142,4142,0.986863711001642
S25,24,Uniform,8,300;355;415;470;530;585;645;700,0.19199236371468273,0.19199236371468273,0.19199236371468278,0.981545934333674,0.981545934333674,4142,4142,0.9950738916256158
S26,25,NAIG,2,365;425,0.24521383013235956,0.1933395364696006,0.24521383013235956,0.9701265846523147,0.9815889658742364,4017,875,0.8232074438970991
S26,25,NAIG,3,365;425;620,0.24631792407702036,0.2234582629713009,0.2463179240770203,0.9697775117318898,0.9748442647408397,4017,2712,0.8494800218938151
S26,25,NAIG,4,365;425;620;545,0.2462108382531407,0.22331631874595984,0.2462108382531407,0.9697763424705583,0.9748838280890273,4017,2712,0.8949096880131364
S26,25,NAIG,6,365;425;620;545;475;345,0.24553803978337535,0.23084078212637704,0.24553803978337527,0.970269271056202,0.9730234996649485,4120,3031,0.9386973180076628
S26,25,NAIG,8,365;425;620;545;475;345;505;305,0.20856830063039694,0.20989871424015302,0.2085683006303969,0.9780360558232545,0.977771253324394,4139,3672,0.9512862616310892
S26,25,Uniform,2,300;700,0.27576729119338256,0.27576729119338256,0.27576729119338245,0.9622722100514295,0.9622722100514295,3782,3782,0.8149972632731255
S26,25,Uniform,3,300;500;700,0.2572379138865162,0.2572379138865162,0.2572379138865161,0.9695460513017461,0.9695460513017461,3885,3885,0.9146141215106732
S26,25,Uniform,4,300;435;565;700,0.28465967036693757,0.28465967036693757,0.2846596703669375,0.9586351710066259,0.9586351710066259,4142,4142,0.921729611384784
S26,25,Uniform,6,300;380;460;540;620;700,0.234144126848677,0.234144126848677,0.23414412684867691,0.9734812962972811,0.9734812962972811,4142,4142,0.971538040503558
S26,25,Uniform,8,300;355;415;470;530;585;645;700,0.2241978829867014,0.2241978829867014,0.22419788298670132,0.9745602909209181,0.9745602909209181,4142,4142,0.9906951286261632
S27,26,NAIG,2,365;620,0.24044831225049004,0.2296125169687946,0.24044831225049001,0.9721536766340129,0.974153750913589,4017,2712,0.950191570881226
S27,26,NAIG,3,365;620;545,0.2380365385146819,0.22577166096829326,0.23803653851468182,0.9727319244355868,0.9750476457806042,4017,2712,0.9578544061302684
S27,26,NAIG,4,365;620;545;450,0.23228724853732208,0.2158737751837992,0.232287248537322,0.9740240751271871,0.9771706518482525,4017,2712,0.956759715380405
S27,26,NAIG,6,365;620;545;450;425;685,0.21220583965492415,0.17844902546611519,0.21220583965492415,0.9777029797901091,0.9839497468721331,4017,3042,0.9315818281335524
S27,26,NAIG,8,365;620;545;450;425;685;475;505,0.20792677530260753,0.17071366004933988,0.2079267753026075,0.978605569146009,0.9853207219726953,4017,3042,0.9381499726327313
S27,26,Uniform,2,300;700,0.27385786612778934,0.27385786612778934,0.2738578661277893,0.9619251599407743,0.9619251599407743,3782,3782,0.8773946360153257
S27,26,Uniform,3,300;500;700,0.2356427467533974,0.2356427467533974,0.23564274675339733,0.9723697440082845,0.9723697440082845,3885,3885,0.9523809523809524
S27,26,Uniform,4,300;435;565;700,0.2374021473942308,0.2374021473942308,0.23740214739423077,0.9715801379523779,0.9715801379523779,4142,4142,0.9584017515052
S27,26,Uniform,6,300;380;460;540;620;700,0.21649719292924052,0.21649719292924052,0.2164971929292405,0.9769926488538364,0.9769926488538364,4142,4142,0.9693486590038314
S27,26,Uniform,8,300;355;415;470;530;585;645;700,0.2131811646475677,0.2131811646475677,0.21318116464756773,0.9771014758419247,0.9771014758419247,4142,4142,0.9748221127531472
S28,27,NAIG,2,365;425,0.18301208491652401,0.1701532871054708,0.18301208491652404,0.9834223957895636,0.9856674951108423,4017,875,0.9496442255062946
S28,27,NAIG,3,365;425;620,0.17918064241347992,0.17390986340313552,0.17918064241347992,0.9838537853660864,0.9847615920914683,4017,2712,0.9518336070060208
S28,27,NAIG,4,365;425;620;545,0.1778722927187778,0.17167494463918934,0.1778722927187778,0.984072745810873,0.9851603902618921,4017,2712,0.9584017515051996
S28,27,NAIG,6,365;425;620;545;465;335,0.17889432976592295,0.17126799722143055,0.17889432976592295,0.9838805562494457,0.9852341929576027,4114,3181,0.9748221127531472
S28,27,NAIG,8,365;425;620;545;465;335;660;505,0.17512213591410117,0.16630973679120112,0.1751221359141012,0.984575412384483,0.9860972828891503,4114,3401,0.9781061850027366
S28,27,Uniform,2,300;700,0.20888129621251886,0.20888129621251886,0.20888129621251883,0.9779792736314376,0.9779792736314376,3782,3782,0.9315818281335522
S28,27,Uniform,3,300;500;700,0.1949824094361355,0.1949824094361355,0.19498240943613554,0.98188903044353,0.98188903044353,3885,3885,0.955665024630542
S28,27,Uniform,4,300;435;565;700,0.19297397467603222,0.19297397467603222,0.1929739746760322,0.9812234764716483,0.9812234764716483,4142,4142,0.9797482211275316
S28,27,Uniform,6,300;380;460;540;620;700,0.18353297015490266,0.18353297015490266,0.18353297015490264,0.9831060201998367,0.9831060201998367,4142,4142,0.9786535303776684
S28,27,Uniform,8,300;355;415;470;530;585;645;700,0.17438120901720391,0.17438120901720391,0.1743812090172039,0.9848276937348605,0.9848276937348605,4142,4142,0.9939792008757528
S30,28,NAIG,2,365;425,0.1914018211363729,0.17677910711155445,0.1914018211363729,0.982361640228894,0.9855247029798793,4017,875,0.949096880131363
S30,28,NAIG,3,365;425;480,0.1876274345635242,0.18815986525225722,0.18762743456352418,0.9829688796053162,0.9837317373280261,4017,1548,0.9682539682539684
S30,28,NAIG,4,365;425;480;620,0.18202395615364403,0.18627497047767969,0.18202395615364406,0.9838172652272964,0.9839319360626773,4017,2712,0.9688013136289
S30,28,NAIG,6,365;425;480;620;545;330,0.17818322866205363,0.18276512377648826,0.1781832286620537,0.9848762848063244,0.983949602806106,4105,3255,0.9852216748768474
S30,28,NAIG,8,365;425;480;620;545;330;505;400,0.15653196424564264,0.15483177545467802,0.1565319642456427,0.9879522869873304,0.9880658872285463,4105,3255,0.9917898193760264
S30,28,Uniform,2,300;700,0.18703014480420446,0.18703014480420446,0.18703014480420446,0.9823849279456622,0.9823849279456622,3782,3782,0.8106185002736727
S30,28,Uniform,3,300;500;700,0.17375960334957233,0.17375960334957233,0.17375960334957236,0.9849124570266998,0.9849124570266998,3885,3885,0.8500273672687466
S30,28,Uniform,4,300;435;565;700,0.18202224832899425,0.18202224832899425,0.18202224832899422,0.9834006984617255,0.9834006984617255,4142,4142,0.9578544061302684
S30,28,Uniform,6,300;380;460;540;620;700,0.1746912293487718,0.1746912293487718,0.1746912293487718,0.9846799148195332,0.9846799148195332,4142,4142,0.971538040503558
S30,28,Uniform,8,300;355;415;470;530;585;645;700,0.15785883770970807,0.15785883770970807,0.1578588377097081,0.9876979322419306,0.9876979322419306,4142,4142,0.9846743295019156
