source_file,environment_variable,environment_label,K,outcome,loss_definition,spearman_rho,p_value,n,family,q_value_bh,proxy,analysis_type,group,rho_s,turbidity_median,rho_median,rho_P10,rho_range_min,rho_range_max,rho_IQR,term,rho_or_beta,model_R2,permutation_p,n_sites,n_pairs,n_permutations,permutation_scheme,standardized_beta,predictor_distance_pearson,predictor_distance_spearman,vif_chlorophyll,vif_turbidity,condition_number,permutation_beta_low_2.5pct,permutation_beta_high_97.5pct
environment_vs_sparse_loss.csv,water_temp_c,water temperature,1.0,loss_K1,loss_K = 1 - rho_K,0.0689655172414,0.72223159733,29.0,environment_vs_sparse_loss,0.817070089909,,,,,,,,,,,,,,,,,,,,,,,,,,
environment_vs_sparse_loss.csv,ph,pH,1.0,loss_K1,loss_K = 1 - rho_K,0.0441104045687,0.820265640858,29.0,environment_vs_sparse_loss,0.897406337064,,,,,,,,,,,,,,,,,,,,,,,,,,
environment_vs_sparse_loss.csv,orp_mv,ORP,1.0,loss_K1,loss_K = 1 - rho_K,-0.127528506718,0.509733141415,29.0,environment_vs_sparse_loss,0.722659643525,,,,,,,,,,,,,,,,,,,,,,,,,,
environment_vs_sparse_loss.csv,ec_comp_mscm,temperature-compensated EC,1.0,loss_K1,loss_K = 1 - rho_K,0.468776946529,0.010315831988,29.0,environment_vs_sparse_loss,0.328320335859,,,,,,,,,,,,,,,,,,,,,,,,,,
environment_vs_sparse_loss.csv,salinity_ppt,salinity,1.0,loss_K1,loss_K = 1 - rho_K,0.431527093596,0.0194196706662,29.0,environment_vs_sparse_loss,0.350307390308,,,,,,,,,,,,,,,,,,,,,,,,,,
environment_vs_sparse_loss.csv,do_sat_pct,DO saturation,1.0,loss_K1,loss_K = 1 - rho_K,-0.0950738916256,0.623722573659,29.0,environment_vs_sparse_loss,0.767658552196,,,,,,,,,,,,,,,,,,,,,,,,,,
environment_vs_sparse_loss.csv,do_mgl,DO concentration,1.0,loss_K1,loss_K = 1 - rho_K,-0.0428571428571,0.825293327835,29.0,environment_vs_sparse_loss,0.897406337064,,,,,,,,,,,,,,,,,,,,,,,,,,
environment_vs_sparse_loss.csv,field_chlorophyll_proxy,field chlorophyll proxy,1.0,loss_K1,loss_K = 1 - rho_K,-0.122167487685,0.527828083508,29.0,environment_vs_sparse_loss,0.738959316911,,,,,,,,,,,,,,,,,,,,,,,,,,
environment_vs_sparse_loss.csv,turbidity_recorded_value,turbidity recorded value,1.0,loss_K1,loss_K = 1 - rho_K,-0.168472906404,0.38232784647,29.0,environment_vs_sparse_loss,0.690656754914,,,,,,,,,,,,,,,,,,,,,,,,,,
environment_vs_sparse_loss.csv,nh3_ugl,NH3,1.0,loss_K1,loss_K = 1 - rho_K,-0.118226600985,0.541323578814,29.0,environment_vs_sparse_loss,0.748496800335,,,,,,,,,,,,,,,,,,,,,,,,,,
environment_vs_sparse_loss.csv,no2_ugl,NO2,1.0,loss_K1,loss_K = 1 - rho_K,0.200985221675,0.295817288569,29.0,environment_vs_sparse_loss,0.626645368865,,,,,,,,,,,,,,,,,,,,,,,,,,
environment_vs_sparse_loss.csv,no3_uv_ugl,NO3_UV,1.0,loss_K1,loss_K = 1 - rho_K,0.190147783251,0.323158774054,29.0,environment_vs_sparse_loss,0.626645368865,,,,,,,,,,,,,,,,,,,,,,,,,,
environment_vs_sparse_loss.csv,po4_ugl,PO4,1.0,loss_K1,loss_K = 1 - rho_K,-0.0315270935961,0.871029801233,29.0,environment_vs_sparse_loss,0.920333374887,,,,,,,,,,,,,,,,,,,,,,,,,,
environment_vs_sparse_loss.csv,sio3_ugl,SiO3,1.0,loss_K1,loss_K = 1 - rho_K,0.192118226601,0.318075628977,29.0,environment_vs_sparse_loss,0.626645368865,,,,,,,,,,,,,,,,,,,,,,,,,,
environment_vs_sparse_loss.csv,water_temp_c,water temperature,2.0,loss_K2,loss_K = 1 - rho_K,0.075378741796,0.697553554821,29.0,environment_vs_sparse_loss,0.8003968502,,,,,,,,,,,,,,,,,,,,,,,,,,
environment_vs_sparse_loss.csv,ph,pH,2.0,loss_K2,loss_K = 1 - rho_K,0.262476912576,0.168956323307,29.0,environment_vs_sparse_loss,0.606567365773,,,,,,,,,,,,,,,,,,,,,,,,,,
environment_vs_sparse_loss.csv,orp_mv,ORP,2.0,loss_K2,loss_K = 1 - rho_K,-0.281485395416,0.139068933463,29.0,environment_vs_sparse_loss,0.600357312615,,,,,,,,,,,,,,,,,,,,,,,,,,
environment_vs_sparse_loss.csv,ec_comp_mscm,temperature-compensated EC,2.0,loss_K2,loss_K = 1 - rho_K,0.143631436314,0.457286184814,29.0,environment_vs_sparse_loss,0.693582240434,,,,,,,,,,,,,,,,,,,,,,,,,,
environment_vs_sparse_loss.csv,salinity_ppt,salinity,2.0,loss_K2,loss_K = 1 - rho_K,0.160364578135,0.405973175984,29.0,environment_vs_sparse_loss,0.693582240434,,,,,,,,,,,,,,,,,,,,,,,,,,
environment_vs_sparse_loss.csv,do_sat_pct,DO saturation,2.0,loss_K2,loss_K = 1 - rho_K,0.315063433847,0.0959641409581,29.0,environment_vs_sparse_loss,0.565683357226,,,,,,,,,,,,,,,,,,,,,,,,,,
environment_vs_sparse_loss.csv,do_mgl,DO concentration,2.0,loss_K2,loss_K = 1 - rho_K,0.334031287175,0.0765682299789,29.0,environment_vs_sparse_loss,0.51697396265,,,,,,,,,,,,,,,,,,,,,,,,,,
environment_vs_sparse_loss.csv,field_chlorophyll_proxy,field chlorophyll proxy,2.0,loss_K2,loss_K = 1 - rho_K,-0.0874491939137,0.651932361736,29.0,environment_vs_sparse_loss,0.776770473558,,,,,,,,,,,,,,,,,,,,,,,,,,
environment_vs_sparse_loss.csv,turbidity_recorded_value,turbidity recorded value,2.0,loss_K2,loss_K = 1 - rho_K,-0.0130557951477,0.946408419063,29.0,environment_vs_sparse_loss,0.954934621037,,,,,,,,,,,,,,,,,,,,,,,,,,
environment_vs_sparse_loss.csv,nh3_ugl,NH3,2.0,loss_K2,loss_K = 1 - rho_K,-0.0157654884802,0.935306680913,29.0,environment_vs_sparse_loss,0.954934621037,,,,,,,,,,,,,,,,,,,,,,,,,,
environment_vs_sparse_loss.csv,no2_ugl,NO2,2.0,loss_K2,loss_K = 1 - rho_K,0.112575441179,0.560954808362,29.0,environment_vs_sparse_loss,0.766182177275,,,,,,,,,,,,,,,,,,,,,,,,,,
environment_vs_sparse_loss.csv,no3_uv_ugl,NO3_UV,2.0,loss_K2,loss_K = 1 - rho_K,0.0330089915055,0.865021336738,29.0,environment_vs_sparse_loss,0.920333374887,,,,,,,,,,,,,,,,,,,,,,,,,,
environment_vs_sparse_loss.csv,po4_ugl,PO4,2.0,loss_K2,loss_K = 1 - rho_K,-0.17957876722,0.351268730016,29.0,environment_vs_sparse_loss,0.644952422325,,,,,,,,,,,,,,,,,,,,,,,,,,
environment_vs_sparse_loss.csv,sio3_ugl,SiO3,2.0,loss_K2,loss_K = 1 - rho_K,-0.035226013323,0.856046083112,29.0,environment_vs_sparse_loss,0.920333374887,,,,,,,,,,,,,,,,,,,,,,,,,,
environment_vs_sparse_loss.csv,water_temp_c,water temperature,3.0,loss_K3,loss_K = 1 - rho_K,0.360433615275,0.054764620351,29.0,environment_vs_sparse_loss,0.488897798312,,,,,,,,,,,,,,,,,,,,,,,,,,
environment_vs_sparse_loss.csv,ph,pH,3.0,loss_K3,loss_K = 1 - rho_K,0.214937152204,0.26283865802,29.0,environment_vs_sparse_loss,0.626645368865,,,,,,,,,,,,,,,,,,,,,,,,,,
environment_vs_sparse_loss.csv,orp_mv,ORP,3.0,loss_K3,loss_K = 1 - rho_K,-0.0956082642164,0.621764298298,29.0,environment_vs_sparse_loss,0.767658552196,,,,,,,,,,,,,,,,,,,,,,,,,,
environment_vs_sparse_loss.csv,ec_comp_mscm,temperature-compensated EC,3.0,loss_K3,loss_K = 1 - rho_K,0.154736972962,0.422856830605,29.0,environment_vs_sparse_loss,0.693582240434,,,,,,,,,,,,,,,,,,,,,,,,,,
environment_vs_sparse_loss.csv,salinity_ppt,salinity,3.0,loss_K3,loss_K = 1 - rho_K,0.155210647726,0.421420975428,29.0,environment_vs_sparse_loss,0.693582240434,,,,,,,,,,,,,,,,,,,,,,,,,,
environment_vs_sparse_loss.csv,do_sat_pct,DO saturation,3.0,loss_K3,loss_K = 1 - rho_K,0.231584141051,0.22674811201,29.0,environment_vs_sparse_loss,0.626645368865,,,,,,,,,,,,,,,,,,,,,,,,,,
environment_vs_sparse_loss.csv,do_mgl,DO concentration,3.0,loss_K3,loss_K = 1 - rho_K,0.212613950774,0.268156682928,29.0,environment_vs_sparse_loss,0.626645368865,,,,,,,,,,,,,,,,,,,,,,,,,,
environment_vs_sparse_loss.csv,field_chlorophyll_proxy,field chlorophyll proxy,3.0,loss_K3,loss_K = 1 - rho_K,0.0490268553928,0.800611354433,29.0,environment_vs_sparse_loss,0.88780665046,,,,,,,,,,,,,,,,,,,,,,,,,,
environment_vs_sparse_loss.csv,turbidity_recorded_value,turbidity recorded value,3.0,loss_K3,loss_K = 1 - rho_K,0.0665188490254,0.731720253113,29.0,environment_vs_sparse_loss,0.819526683486,,,,,,,,,,,,,,,,,,,,,,,,,,
environment_vs_sparse_loss.csv,nh3_ugl,NH3,3.0,loss_K3,loss_K = 1 - rho_K,-0.135747725233,0.482598902361,29.0,environment_vs_sparse_loss,0.701962039798,,,,,,,,,,,,,,,,,,,,,,,,,,
environment_vs_sparse_loss.csv,no2_ugl,NO2,3.0,loss_K3,loss_K = 1 - rho_K,-0.228135015546,0.233936479972,29.0,environment_vs_sparse_loss,0.626645368865,,,,,,,,,,,,,,,,,,,,,,,,,,
environment_vs_sparse_loss.csv,no3_uv_ugl,NO3_UV,3.0,loss_K3,loss_K = 1 - rho_K,-0.208425726946,0.277918849371,29.0,environment_vs_sparse_loss,0.626645368865,,,,,,,,,,,,,,,,,,,,,,,,,,
environment_vs_sparse_loss.csv,po4_ugl,PO4,3.0,loss_K3,loss_K = 1 - rho_K,-0.272234548789,0.153093587138,29.0,environment_vs_sparse_loss,0.606567365773,,,,,,,,,,,,,,,,,,,,,,,,,,
environment_vs_sparse_loss.csv,sio3_ugl,SiO3,3.0,loss_K3,loss_K = 1 - rho_K,-0.259916243414,0.173304961649,29.0,environment_vs_sparse_loss,0.606567365773,,,,,,,,,,,,,,,,,,,,,,,,,,
environment_vs_sparse_loss.csv,water_temp_c,water temperature,4.0,loss_K4,loss_K = 1 - rho_K,0.346101739292,0.0658947448707,29.0,environment_vs_sparse_loss,0.51697396265,,,,,,,,,,,,,,,,,,,,,,,,,,
environment_vs_sparse_loss.csv,ph,pH,4.0,loss_K4,loss_K = 1 - rho_K,0.207270500917,0.280651149686,29.0,environment_vs_sparse_loss,0.626645368865,,,,,,,,,,,,,,,,,,,,,,,,,,
environment_vs_sparse_loss.csv,orp_mv,ORP,4.0,loss_K4,loss_K = 1 - rho_K,-0.151967575439,0.431305617602,29.0,environment_vs_sparse_loss,0.693582240434,,,,,,,,,,,,,,,,,,,,,,,,,,
environment_vs_sparse_loss.csv,ec_comp_mscm,temperature-compensated EC,4.0,loss_K4,loss_K = 1 - rho_K,0.145602365115,0.45106988603,29.0,environment_vs_sparse_loss,0.693582240434,,,,,,,,,,,,,,,,,,,,,,,,,,
environment_vs_sparse_loss.csv,salinity_ppt,salinity,4.0,loss_K4,loss_K = 1 - rho_K,0.19830028479,0.302450643709,29.0,environment_vs_sparse_loss,0.626645368865,,,,,,,,,,,,,,,,,,,,,,,,,,
environment_vs_sparse_loss.csv,do_sat_pct,DO saturation,4.0,loss_K4,loss_K = 1 - rho_K,0.225150882358,0.240277345815,29.0,environment_vs_sparse_loss,0.626645368865,,,,,,,,,,,,,,,,,,,,,,,,,,
environment_vs_sparse_loss.csv,do_mgl,DO concentration,4.0,loss_K4,loss_K = 1 - rho_K,0.231309276296,0.227315448604,29.0,environment_vs_sparse_loss,0.626645368865,,,,,,,,,,,,,,,,,,,,,,,,,,
environment_vs_sparse_loss.csv,field_chlorophyll_proxy,field chlorophyll proxy,4.0,loss_K4,loss_K = 1 - rho_K,0.104692696939,0.588868132745,29.0,environment_vs_sparse_loss,0.767658552196,,,,,,,,,,,,,,,,,,,,,,,,,,
environment_vs_sparse_loss.csv,turbidity_recorded_value,turbidity recorded value,4.0,loss_K4,loss_K = 1 - rho_K,0.100997660576,0.602157060143,29.0,environment_vs_sparse_loss,0.767658552196,,,,,,,,,,,,,,,,,,,,,,,,,,
environment_vs_sparse_loss.csv,nh3_ugl,NH3,4.0,loss_K4,loss_K = 1 - rho_K,-0.254218501744,0.183262776876,29.0,environment_vs_sparse_loss,0.621982757884,,,,,,,,,,,,,,,,,,,,,,,,,,
environment_vs_sparse_loss.csv,no2_ugl,NO2,4.0,loss_K4,loss_K = 1 - rho_K,-0.1460771042,0.449579334174,29.0,environment_vs_sparse_loss,0.693582240434,,,,,,,,,,,,,,,,,,,,,,,,,,
environment_vs_sparse_loss.csv,no3_uv_ugl,NO3_UV,4.0,loss_K4,loss_K = 1 - rho_K,-0.110604755119,0.567876201947,29.0,environment_vs_sparse_loss,0.766290778531,,,,,,,,,,,,,,,,,,,,,,,,,,
environment_vs_sparse_loss.csv,po4_ugl,PO4,4.0,loss_K4,loss_K = 1 - rho_K,-0.21110974418,0.271636869261,29.0,environment_vs_sparse_loss,0.626645368865,,,,,,,,,,,,,,,,,,,,,,,,,,
environment_vs_sparse_loss.csv,sio3_ugl,SiO3,4.0,loss_K4,loss_K = 1 - rho_K,-0.147801454502,0.444187567609,29.0,environment_vs_sparse_loss,0.693582240434,,,,,,,,,,,,,,,,,,,,,,,,,,
environment_vs_sparse_loss.csv,water_temp_c,water temperature,5.0,loss_K5,loss_K = 1 - rho_K,0.19731494176,0.304908231834,29.0,environment_vs_sparse_loss,0.626645368865,,,,,,,,,,,,,,,,,,,,,,,,,,
environment_vs_sparse_loss.csv,ph,pH,5.0,loss_K5,loss_K = 1 - rho_K,0.192359840625,0.317455758088,29.0,environment_vs_sparse_loss,0.626645368865,,,,,,,,,,,,,,,,,,,,,,,,,,
environment_vs_sparse_loss.csv,orp_mv,ORP,5.0,loss_K5,loss_K = 1 - rho_K,-0.077710691986,0.68865298011,29.0,environment_vs_sparse_loss,0.8003968502,,,,,,,,,,,,,,,,,,,,,,,,,,
environment_vs_sparse_loss.csv,ec_comp_mscm,temperature-compensated EC,5.0,loss_K5,loss_K = 1 - rho_K,0.162355259916,0.400093094392,29.0,environment_vs_sparse_loss,0.693582240434,,,,,,,,,,,,,,,,,,,,,,,,,,
environment_vs_sparse_loss.csv,salinity_ppt,salinity,5.0,loss_K5,loss_K = 1 - rho_K,0.205690357515,0.284416212221,29.0,environment_vs_sparse_loss,0.626645368865,,,,,,,,,,,,,,,,,,,,,,,,,,
environment_vs_sparse_loss.csv,do_sat_pct,DO saturation,5.0,loss_K5,loss_K = 1 - rho_K,0.0926222448213,0.632738962802,29.0,environment_vs_sparse_loss,0.770290911237,,,,,,,,,,,,,,,,,,,,,,,,,,
environment_vs_sparse_loss.csv,do_mgl,DO concentration,5.0,loss_K5,loss_K = 1 - rho_K,0.0773494278561,0.690029227875,29.0,environment_vs_sparse_loss,0.8003968502,,,,,,,,,,,,,,,,,,,,,,,,,,
environment_vs_sparse_loss.csv,field_chlorophyll_proxy,field chlorophyll proxy,5.0,loss_K5,loss_K = 1 - rho_K,0.188939526005,0.32630026687,29.0,environment_vs_sparse_loss,0.626645368865,,,,,,,,,,,,,,,,,,,,,,,,,,
environment_vs_sparse_loss.csv,turbidity_recorded_value,turbidity recorded value,5.0,loss_K5,loss_K = 1 - rho_K,0.226382561146,0.237646502346,29.0,environment_vs_sparse_loss,0.626645368865,,,,,,,,,,,,,,,,,,,,,,,,,,
environment_vs_sparse_loss.csv,nh3_ugl,NH3,5.0,loss_K5,loss_K = 1 - rho_K,-0.299297945367,0.114732548451,29.0,environment_vs_sparse_loss,0.600357312615,,,,,,,,,,,,,,,,,,,,,,,,,,
environment_vs_sparse_loss.csv,no2_ugl,NO2,5.0,loss_K5,loss_K = 1 - rho_K,-0.15198916238,0.431239406109,29.0,environment_vs_sparse_loss,0.693582240434,,,,,,,,,,,,,,,,,,,,,,,,,,
environment_vs_sparse_loss.csv,no3_uv_ugl,NO3_UV,5.0,loss_K5,loss_K = 1 - rho_K,-0.128833601174,0.505374944093,29.0,environment_vs_sparse_loss,0.722659643525,,,,,,,,,,,,,,,,,,,,,,,,,,
environment_vs_sparse_loss.csv,po4_ugl,PO4,5.0,loss_K5,loss_K = 1 - rho_K,-0.268998647194,0.158230841926,29.0,environment_vs_sparse_loss,0.606567365773,,,,,,,,,,,,,,,,,,,,,,,,,,
environment_vs_sparse_loss.csv,sio3_ugl,SiO3,5.0,loss_K5,loss_K = 1 - rho_K,-0.100751324819,0.603047502165,29.0,environment_vs_sparse_loss,0.767658552196,,,,,,,,,,,,,,,,,,,,,,,,,,
environment_vs_sparse_loss.csv,water_temp_c,water temperature,6.0,loss_K6,loss_K = 1 - rho_K,0.236757829309,0.216246752836,29.0,environment_vs_sparse_loss,0.626645368865,,,,,,,,,,,,,,,,,,,,,,,,,,
environment_vs_sparse_loss.csv,ph,pH,6.0,loss_K6,loss_K = 1 - rho_K,0.46154795585,0.0117257262807,29.0,environment_vs_sparse_loss,0.328320335859,,,,,,,,,,,,,,,,,,,,,,,,,,
environment_vs_sparse_loss.csv,orp_mv,ORP,6.0,loss_K6,loss_K = 1 - rho_K,-0.368492755115,0.0491894584874,29.0,environment_vs_sparse_loss,0.488897798312,,,,,,,,,,,,,,,,,,,,,,,,,,
environment_vs_sparse_loss.csv,ec_comp_mscm,temperature-compensated EC,6.0,loss_K6,loss_K = 1 - rho_K,0.266847359423,0.161713592746,29.0,environment_vs_sparse_loss,0.606567365773,,,,,,,,,,,,,,,,,,,,,,,,,,
environment_vs_sparse_loss.csv,salinity_ppt,salinity,6.0,loss_K6,loss_K = 1 - rho_K,0.325449628009,0.08493126609,29.0,environment_vs_sparse_loss,0.528461211227,,,,,,,,,,,,,,,,,,,,,,,,,,
environment_vs_sparse_loss.csv,do_sat_pct,DO saturation,6.0,loss_K6,loss_K = 1 - rho_K,0.239960588706,0.209914062591,29.0,environment_vs_sparse_loss,0.626645368865,,,,,,,,,,,,,,,,,,,,,,,,,,
environment_vs_sparse_loss.csv,do_mgl,DO concentration,6.0,loss_K6,loss_K = 1 - rho_K,0.139443216846,0.470645091723,29.0,environment_vs_sparse_loss,0.693582240434,,,,,,,,,,,,,,,,,,,,,,,,,,
environment_vs_sparse_loss.csv,field_chlorophyll_proxy,field chlorophyll proxy,6.0,loss_K6,loss_K = 1 - rho_K,0.299827552829,0.114060907758,29.0,environment_vs_sparse_loss,0.600357312615,,,,,,,,,,,,,,,,,,,,,,,,,,
environment_vs_sparse_loss.csv,turbidity_recorded_value,turbidity recorded value,6.0,loss_K6,loss_K = 1 - rho_K,0.42399607101,0.0218942118943,29.0,environment_vs_sparse_loss,0.350307390308,,,,,,,,,,,,,,,,,,,,,,,,,,
environment_vs_sparse_loss.csv,nh3_ugl,NH3,6.0,loss_K6,loss_K = 1 - rho_K,-0.224439523934,0.241805577684,29.0,environment_vs_sparse_loss,0.626645368865,,,,,,,,,,,,,,,,,,,,,,,,,,
environment_vs_sparse_loss.csv,no2_ugl,NO2,6.0,loss_K6,loss_K = 1 - rho_K,-0.283074657519,0.136756750223,29.0,environment_vs_sparse_loss,0.600357312615,,,,,,,,,,,,,,,,,,,,,,,,,,
environment_vs_sparse_loss.csv,no3_uv_ugl,NO3_UV,6.0,loss_K6,loss_K = 1 - rho_K,-0.0955900497105,0.621831006174,29.0,environment_vs_sparse_loss,0.767658552196,,,,,,,,,,,,,,,,,,,,,,,,,,
environment_vs_sparse_loss.csv,po4_ugl,PO4,6.0,loss_K6,loss_K = 1 - rho_K,-0.0746489305729,0.700347243925,29.0,environment_vs_sparse_loss,0.8003968502,,,,,,,,,,,,,,,,,,,,,,,,,,
environment_vs_sparse_loss.csv,sio3_ugl,SiO3,6.0,loss_K6,loss_K = 1 - rho_K,-0.00443458993502,0.981785405886,29.0,environment_vs_sparse_loss,0.981785405886,,,,,,,,,,,,,,,,,,,,,,,,,,
environment_vs_sparse_loss.csv,water_temp_c,water temperature,7.0,loss_K7,loss_K = 1 - rho_K,0.281280788177,0.139368661857,29.0,environment_vs_sparse_loss,0.600357312615,,,,,,,,,,,,,,,,,,,,,,,,,,
environment_vs_sparse_loss.csv,ph,pH,7.0,loss_K7,loss_K = 1 - rho_K,0.392065104295,0.035420816904,29.0,environment_vs_sparse_loss,0.440792388139,,,,,,,,,,,,,,,,,,,,,,,,,,
environment_vs_sparse_loss.csv,orp_mv,ORP,7.0,loss_K7,loss_K = 1 - rho_K,-0.336211517711,0.074548015175,29.0,environment_vs_sparse_loss,0.51697396265,,,,,,,,,,,,,,,,,,,,,,,,,,
environment_vs_sparse_loss.csv,ec_comp_mscm,temperature-compensated EC,7.0,loss_K7,loss_K = 1 - rho_K,0.241162706596,0.207570185054,29.0,environment_vs_sparse_loss,0.626645368865,,,,,,,,,,,,,,,,,,,,,,,,,,
environment_vs_sparse_loss.csv,salinity_ppt,salinity,7.0,loss_K7,loss_K = 1 - rho_K,0.290147783251,0.126804776929,29.0,environment_vs_sparse_loss,0.600357312615,,,,,,,,,,,,,,,,,,,,,,,,,,
environment_vs_sparse_loss.csv,do_sat_pct,DO saturation,7.0,loss_K7,loss_K = 1 - rho_K,0.143349753695,0.458178299754,29.0,environment_vs_sparse_loss,0.693582240434,,,,,,,,,,,,,,,,,,,,,,,,,,
environment_vs_sparse_loss.csv,do_mgl,DO concentration,7.0,loss_K7,loss_K = 1 - rho_K,0.0901477832512,0.641891754885,29.0,environment_vs_sparse_loss,0.773030930614,,,,,,,,,,,,,,,,,,,,,,,,,,
environment_vs_sparse_loss.csv,field_chlorophyll_proxy,field chlorophyll proxy,7.0,loss_K7,loss_K = 1 - rho_K,0.332019704433,0.0784692621879,29.0,environment_vs_sparse_loss,0.51697396265,,,,,,,,,,,,,,,,,,,,,,,,,,
environment_vs_sparse_loss.csv,turbidity_recorded_value,turbidity recorded value,7.0,loss_K7,loss_K = 1 - rho_K,0.374384236453,0.0454056739677,29.0,environment_vs_sparse_loss,0.488897798312,,,,,,,,,,,,,,,,,,,,,,,,,,
environment_vs_sparse_loss.csv,nh3_ugl,NH3,7.0,loss_K7,loss_K = 1 - rho_K,-0.287684729064,0.13020805162,29.0,environment_vs_sparse_loss,0.600357312615,,,,,,,,,,,,,,,,,,,,,,,,,,
environment_vs_sparse_loss.csv,no2_ugl,NO2,7.0,loss_K7,loss_K = 1 - rho_K,-0.247783251232,0.194982424187,29.0,environment_vs_sparse_loss,0.626645368865,,,,,,,,,,,,,,,,,,,,,,,,,,
environment_vs_sparse_loss.csv,no3_uv_ugl,NO3_UV,7.0,loss_K7,loss_K = 1 - rho_K,-0.107881773399,0.577502689008,29.0,environment_vs_sparse_loss,0.767658552196,,,,,,,,,,,,,,,,,,,,,,,,,,
environment_vs_sparse_loss.csv,po4_ugl,PO4,7.0,loss_K7,loss_K = 1 - rho_K,-0.0975369458128,0.614717466298,29.0,environment_vs_sparse_loss,0.767658552196,,,,,,,,,,,,,,,,,,,,,,,,,,
environment_vs_sparse_loss.csv,sio3_ugl,SiO3,7.0,loss_K7,loss_K = 1 - rho_K,0.015763546798,0.935314632073,29.0,environment_vs_sparse_loss,0.954934621037,,,,,,,,,,,,,,,,,,,,,,,,,,
environment_vs_sparse_loss.csv,water_temp_c,water temperature,8.0,loss_K8,loss_K = 1 - rho_K,0.357723588092,0.0567470658756,29.0,environment_vs_sparse_loss,0.488897798312,,,,,,,,,,,,,,,,,,,,,,,,,,
environment_vs_sparse_loss.csv,ph,pH,8.0,loss_K8,loss_K = 1 - rho_K,0.559033785777,0.00161927603756,29.0,environment_vs_sparse_loss,0.181358916207,,,,,,,,,,,,,,,,,,,,,,,,,,
environment_vs_sparse_loss.csv,orp_mv,ORP,8.0,loss_K8,loss_K = 1 - rho_K,-0.424870789627,0.0215941622042,29.0,environment_vs_sparse_loss,0.350307390308,,,,,,,,,,,,,,,,,,,,,,,,,,
environment_vs_sparse_loss.csv,ec_comp_mscm,temperature-compensated EC,8.0,loss_K8,loss_K = 1 - rho_K,0.141061969778,0.465457917649,29.0,environment_vs_sparse_loss,0.693582240434,,,,,,,,,,,,,,,,,,,,,,,,,,
environment_vs_sparse_loss.csv,salinity_ppt,salinity,8.0,loss_K8,loss_K = 1 - rho_K,0.198324716539,0.30238986574,29.0,environment_vs_sparse_loss,0.626645368865,,,,,,,,,,,,,,,,,,,,,,,,,,
environment_vs_sparse_loss.csv,do_sat_pct,DO saturation,8.0,loss_K8,loss_K = 1 - rho_K,0.203991137011,0.288500801681,29.0,environment_vs_sparse_loss,0.626645368865,,,,,,,,,,,,,,,,,,,,,,,,,,
environment_vs_sparse_loss.csv,do_mgl,DO concentration,8.0,loss_K8,loss_K = 1 - rho_K,0.180339990691,0.349196709718,29.0,environment_vs_sparse_loss,0.644952422325,,,,,,,,,,,,,,,,,,,,,,,,,,
environment_vs_sparse_loss.csv,field_chlorophyll_proxy,field chlorophyll proxy,8.0,loss_K8,loss_K = 1 - rho_K,0.487558526745,0.00730130806721,29.0,environment_vs_sparse_loss,0.328320335859,,,,,,,,,,,,,,,,,,,,,,,,,,
environment_vs_sparse_loss.csv,turbidity_recorded_value,turbidity recorded value,8.0,loss_K8,loss_K = 1 - rho_K,0.393693039787,0.0345983829119,29.0,environment_vs_sparse_loss,0.440792388139,,,,,,,,,,,,,,,,,,,,,,,,,,
environment_vs_sparse_loss.csv,nh3_ugl,NH3,8.0,loss_K8,loss_K = 1 - rho_K,-0.187484607809,0.330107828241,29.0,environment_vs_sparse_loss,0.626645368865,,,,,,,,,,,,,,,,,,,,,,,,,,
environment_vs_sparse_loss.csv,no2_ugl,NO2,8.0,loss_K8,loss_K = 1 - rho_K,-0.264350833349,0.165823262908,29.0,environment_vs_sparse_loss,0.606567365773,,,,,,,,,,,,,,,,,,,,,,,,,,
environment_vs_sparse_loss.csv,no3_uv_ugl,NO3_UV,8.0,loss_K8,loss_K = 1 - rho_K,-0.140182315168,0.468272980394,29.0,environment_vs_sparse_loss,0.693582240434,,,,,,,,,,,,,,,,,,,,,,,,,,
environment_vs_sparse_loss.csv,po4_ugl,PO4,8.0,loss_K8,loss_K = 1 - rho_K,-0.0288248345777,0.882004176475,29.0,environment_vs_sparse_loss,0.923219324909,,,,,,,,,,,,,,,,,,,,,,,,,,
environment_vs_sparse_loss.csv,sio3_ugl,SiO3,8.0,loss_K8,loss_K = 1 - rho_K,0.0150283325576,0.938325754015,29.0,environment_vs_sparse_loss,0.954934621037,,,,,,,,,,,,,,,,,,,,,,,,,,
environment_vs_eem_proxy_statistics.csv,water_temp_c,water temperature,,,,-0.0581280788177,0.764548456823,29.0,environment_vs_eem_proxy,0.841146127013,eem_broad_320_360_420_480_median,,,,,,,,,,,,,,,,,,,,,,,,,
environment_vs_eem_proxy_statistics.csv,ph,pH,,,,0.16904881304,0.380679307586,29.0,environment_vs_eem_proxy,0.666188788276,eem_broad_320_360_420_480_median,,,,,,,,,,,,,,,,,,,,,,,,,
environment_vs_eem_proxy_statistics.csv,orp_mv,ORP,,,,-0.318451261456,0.0922527136704,29.0,environment_vs_eem_proxy,0.320506437825,eem_broad_320_360_420_480_median,,,,,,,,,,,,,,,,,,,,,,,,,
environment_vs_eem_proxy_statistics.csv,ec_comp_mscm,temperature-compensated EC,,,,-0.366793942923,0.0503256139449,29.0,environment_vs_eem_proxy,0.234852865076,eem_broad_320_360_420_480_median,,,,,,,,,,,,,,,,,,,,,,,,,
environment_vs_eem_proxy_statistics.csv,salinity_ppt,salinity,,,,-0.299507389163,0.114466584937,29.0,environment_vs_eem_proxy,0.320506437825,eem_broad_320_360_420_480_median,,,,,,,,,,,,,,,,,,,,,,,,,
environment_vs_eem_proxy_statistics.csv,do_sat_pct,DO saturation,,,,-0.0389162561576,0.841146127013,29.0,environment_vs_eem_proxy,0.841146127013,eem_broad_320_360_420_480_median,,,,,,,,,,,,,,,,,,,,,,,,,
environment_vs_eem_proxy_statistics.csv,do_mgl,DO concentration,,,,0.175862068966,0.361490560942,29.0,environment_vs_eem_proxy,0.666188788276,eem_broad_320_360_420_480_median,,,,,,,,,,,,,,,,,,,,,,,,,
environment_vs_eem_proxy_statistics.csv,field_chlorophyll_proxy,field chlorophyll proxy,,,,0.517733990148,0.00402033903395,29.0,environment_vs_eem_proxy,0.0281423732377,eem_broad_320_360_420_480_median,,,,,,,,,,,,,,,,,,,,,,,,,
environment_vs_eem_proxy_statistics.csv,turbidity_recorded_value,turbidity recorded value,,,,0.146305418719,0.44886342778,29.0,environment_vs_eem_proxy,0.698231998768,eem_broad_320_360_420_480_median,,,,,,,,,,,,,,,,,,,,,,,,,
environment_vs_eem_proxy_statistics.csv,nh3_ugl,NH3,,,,-0.112315270936,0.561866360614,29.0,environment_vs_eem_proxy,0.752896576396,eem_broad_320_360_420_480_median,,,,,,,,,,,,,,,,,,,,,,,,,
environment_vs_eem_proxy_statistics.csv,no2_ugl,NO2,,,,0.04039408867,0.83519386032,29.0,environment_vs_eem_proxy,0.841146127013,eem_broad_320_360_420_480_median,,,,,,,,,,,,,,,,,,,,,,,,,
environment_vs_eem_proxy_statistics.csv,no3_uv_ugl,NO3_UV,,,,0.189162561576,0.32571896601,29.0,environment_vs_eem_proxy,0.666188788276,eem_broad_320_360_420_480_median,,,,,,,,,,,,,,,,,,,,,,,,,
environment_vs_eem_proxy_statistics.csv,po4_ugl,PO4,,,,0.1039408867,0.59156159574,29.0,environment_vs_eem_proxy,0.752896576396,eem_broad_320_360_420_480_median,,,,,,,,,,,,,,,,,,,,,,,,,
environment_vs_eem_proxy_statistics.csv,sio3_ugl,SiO3,,,,0.529556650246,0.00313488655868,29.0,environment_vs_eem_proxy,0.0281423732377,eem_broad_320_360_420_480_median,,,,,,,,,,,,,,,,,,,,,,,,,
turbidity_rho_statistics.csv,,,2.0,,,,0.94640841906309,29.0,,,,full_sample_spearman,all_29_valid_EEM_sites,0.0130557951476816,,,,,,,,,,,,,,,,,,,,,,
turbidity_rho_statistics.csv,,,3.0,,,,0.7317202531125252,29.0,,,,full_sample_spearman,all_29_valid_EEM_sites,-0.0665188490253744,,,,,,,,,,,,,,,,,,,,,,
turbidity_rho_statistics.csv,,,4.0,,,,0.6021570601427176,29.0,,,,full_sample_spearman,all_29_valid_EEM_sites,-0.1009976605764051,,,,,,,,,,,,,,,,,,,,,,
turbidity_rho_statistics.csv,,,6.0,,,,0.0218942118942687,29.0,,,,full_sample_spearman,all_29_valid_EEM_sites,-0.4239960710098866,,,,,,,,,,,,,,,,,,,,,,
turbidity_rho_statistics.csv,,,8.0,,,,0.0345983829118872,29.0,,,,full_sample_spearman,all_29_valid_EEM_sites,-0.393693039787216,,,,,,,,,,,,,,,,,,,,,,
turbidity_rho_statistics.csv,,,2.0,,,,,10.0,,,,turbidity_tertile_summary,low,,1.4499624999999998,0.9482758620689656,0.8627257799671594,0.794745484400657,0.9841269841269844,0.0470717022441161,,,,,,,,,,,,,,,,
turbidity_rho_statistics.csv,,,2.0,,,,,9.0,,,,turbidity_tertile_summary,middle,,3.4779708333333295,0.9392446633825944,0.7504105090311987,0.3979200875752601,0.9540229885057472,0.0454296661193214,,,,,,,,,,,,,,,,
turbidity_rho_statistics.csv,,,2.0,,,,,10.0,,,,turbidity_tertile_summary,high,,9.624596934865906,0.9436234263820472,0.8616310892172963,0.8232074438970991,0.9781061850027368,0.0279146141215107,,,,,,,,,,,,,,,,
turbidity_rho_statistics.csv,,,3.0,,,,,10.0,,,,turbidity_tertile_summary,low,,1.4499624999999998,0.9523809523809522,0.9099616858237548,0.8631636562671045,0.986863711001642,0.0417350848385331,,,,,,,,,,,,,,,,
turbidity_rho_statistics.csv,,,3.0,,,,,9.0,,,,turbidity_tertile_summary,middle,,3.4779708333333295,0.9551176792556104,0.8429118773946362,0.4094143404488231,0.9655172413793104,0.0093048713738371,,,,,,,,,,,,,,,,
turbidity_rho_statistics.csv,,,3.0,,,,,10.0,,,,turbidity_tertile_summary,high,,9.624596934865906,0.9488232074438973,0.8491516146688561,0.8461959496442256,0.9835796387520525,0.0712917350848385,,,,,,,,,,,,,,,,
turbidity_rho_statistics.csv,,,4.0,,,,,10.0,,,,turbidity_tertile_summary,low,,1.4499624999999998,0.9573070607553366,0.9123700054734538,0.8675424192665571,0.9742747673782156,0.0472085385878489,,,,,,,,,,,,,,,,
turbidity_rho_statistics.csv,,,4.0,,,,,9.0,,,,turbidity_tertile_summary,middle,,3.4779708333333295,0.9578544061302684,0.8897646414887797,0.6568144499178981,0.9688013136289,0.0142309797482209,,,,,,,,,,,,,,,,
turbidity_rho_statistics.csv,,,4.0,,,,,10.0,,,,turbidity_tertile_summary,high,,9.624596934865906,0.9419813902572524,0.8860974274767379,0.875752599890531,0.9874110563765736,0.054597701149425,,,,,,,,,,,,,,,,
turbidity_rho_statistics.csv,,,6.0,,,,,10.0,,,,turbidity_tertile_summary,low,,1.4499624999999998,0.969896004378763,0.9492610837438424,0.9359605911330048,0.9852216748768474,0.0157361795292829,,,,,,,,,,,,,,,,
turbidity_rho_statistics.csv,,,6.0,,,,,9.0,,,,turbidity_tertile_summary,middle,,3.4779708333333295,0.9677066228790367,0.942528735632184,0.935960591133005,0.9846743295019158,0.0268199233716476,,,,,,,,,,,,,,,,
turbidity_rho_statistics.csv,,,6.0,,,,,10.0,,,,turbidity_tertile_summary,high,,9.624596934865906,0.9441707717569788,0.9273672687465792,0.9239189928845104,0.9967159277504108,0.0188834154351396,,,,,,,,,,,,,,,,
turbidity_rho_statistics.csv,,,8.0,,,,,10.0,,,,turbidity_tertile_summary,low,,1.4499624999999998,0.9742747673782156,0.9662835249042147,0.9633278598795842,0.9917898193760264,0.007936507936508,,,,,,,,,,,,,,,,
turbidity_rho_statistics.csv,,,8.0,,,,,9.0,,,,turbidity_tertile_summary,middle,,3.4779708333333295,0.9726327312534212,0.9464696223316912,0.929392446633826,0.9868637110016424,0.0257252326217845,,,,,,,,,,,,,,,,
turbidity_rho_statistics.csv,,,8.0,,,,,10.0,,,,turbidity_tertile_summary,high,,9.624596934865906,0.9542966611932128,0.9362889983579638,0.9195402298850576,0.9956212370005476,0.0277777777777776,,,,,,,,,,,,,,,,
turbidity_rho_statistics.csv,,,3.0,,,,0.7905300647920365,28.0,,,,leave_one_out_influence_diagnostic,omit_S01,-0.052559542073371,,,,,,,,,,,,,,,,,,,,,,
turbidity_rho_statistics.csv,,,3.0,,,,0.9141173860132268,28.0,,,,leave_one_out_influence_diagnostic,omit_S02,-0.021352313967307,,,,,,,,,,,,,,,,,,,,,,
turbidity_rho_statistics.csv,,,3.0,,,,0.7418655797371076,28.0,,,,leave_one_out_influence_diagnostic,omit_S03,-0.0651519323617829,,,,,,,,,,,,,,,,,,,,,,
turbidity_rho_statistics.csv,,,3.0,,,,0.8508107150409614,28.0,,,,leave_one_out_influence_diagnostic,omit_S04,0.0372296756353045,,,,,,,,,,,,,,,,,,,,,,
turbidity_rho_statistics.csv,,,3.0,,,,0.731406654921958,28.0,,,,leave_one_out_influence_diagnostic,omit_S05,-0.0678894085114376,,,,,,,,,,,,,,,,,,,,,,
turbidity_rho_statistics.csv,,,3.0,,,,0.4148190215070894,28.0,,,,leave_one_out_influence_diagnostic,omit_S06,-0.1604161023697679,,,,,,,,,,,,,,,,,,,,,,
turbidity_rho_statistics.csv,,,3.0,,,,0.9536956394866266,28.0,,,,leave_one_out_influence_diagnostic,omit_S07,-0.0114973998285499,,,,,,,,,,,,,,,,,,,,,,
turbidity_rho_statistics.csv,,,3.0,,,,0.7905300647920365,28.0,,,,leave_one_out_influence_diagnostic,omit_S08,-0.052559542073371,,,,,,,,,,,,,,,,,,,,,,
turbidity_rho_statistics.csv,,,3.0,,,,0.8033607640649543,28.0,,,,leave_one_out_influence_diagnostic,omit_S09,-0.0492745706937853,,,,,,,,,,,,,,,,,,,,,,
turbidity_rho_statistics.csv,,,3.0,,,,0.85841113771283,28.0,,,,leave_one_out_influence_diagnostic,omit_S10,-0.0353134423305461,,,,,,,,,,,,,,,,,,,,,,
turbidity_rho_statistics.csv,,,3.0,,,,0.7189178174545412,28.0,,,,leave_one_out_influence_diagnostic,omit_S11,-0.0711743798910233,,,,,,,,,,,,,,,,,,,,,,
turbidity_rho_statistics.csv,,,3.0,,,,0.7044364793458107,28.0,,,,leave_one_out_influence_diagnostic,omit_S12,-0.0750068465005399,,,,,,,,,,,,,,,,,,,,,,
turbidity_rho_statistics.csv,,,3.0,,,,0.7629484077452842,28.0,,,,leave_one_out_influence_diagnostic,omit_S13,-0.0596688112882153,,,,,,,,,,,,,,,,,,,,,,
turbidity_rho_statistics.csv,,,3.0,,,,0.8173170828459001,28.0,,,,leave_one_out_influence_diagnostic,omit_S14,-0.0457158516992342,,,,,,,,,,,,,,,,,,,,,,
turbidity_rho_statistics.csv,,,3.0,,,,0.5935140388730838,28.0,,,,leave_one_out_influence_diagnostic,omit_S15,-0.1053928317617076,,,,,,,,,,,,,,,,,,,,,,
turbidity_rho_statistics.csv,,,3.0,,,,0.5545440527213652,28.0,,,,leave_one_out_influence_diagnostic,omit_S16,-0.116616483975292,,,,,,,,,,,,,,,,,,,,,,
turbidity_rho_statistics.csv,,,3.0,,,,0.7629484077452842,28.0,,,,leave_one_out_influence_diagnostic,omit_S17,-0.0596688112882153,,,,,,,,,,,,,,,,,,,,,,
turbidity_rho_statistics.csv,,,3.0,,,,0.7713847430999345,28.0,,,,leave_one_out_influence_diagnostic,omit_S18,-0.0574869991427496,,,,,,,,,,,,,,,,,,,,,,
turbidity_rho_statistics.csv,,,3.0,,,,0.5677177277794238,28.0,,,,leave_one_out_influence_diagnostic,omit_S19,-0.1127840173657754,,,,,,,,,,,,,,,,,,,,,,
turbidity_rho_statistics.csv,,,3.0,,,,0.5396630695159472,28.0,,,,leave_one_out_influence_diagnostic,omit_S20,-0.1209964458147396,,,,,,,,,,,,,,,,,,,,,,
turbidity_rho_statistics.csv,,,3.0,,,,0.6475561793375104,28.0,,,,leave_one_out_influence_diagnostic,omit_S21,-0.0903367129386065,,,,,,,,,,,,,,,,,,,,,,
turbidity_rho_statistics.csv,,,3.0,,,,0.7830698597778681,28.0,,,,leave_one_out_influence_diagnostic,omit_S22,-0.0544757753781294,,,,,,,,,,,,,,,,,,,,,,
turbidity_rho_statistics.csv,,,3.0,,,,0.5592327512937624,28.0,,,,leave_one_out_influence_diagnostic,omit_S23,-0.1152477459004647,,,,,,,,,,,,,,,,,,,,,,
turbidity_rho_statistics.csv,,,3.0,,,,0.6266953015315962,28.0,,,,leave_one_out_influence_diagnostic,omit_S24,-0.0960854128528814,,,,,,,,,,,,,,,,,,,,,,
turbidity_rho_statistics.csv,,,3.0,,,,0.717880211707501,28.0,,,,leave_one_out_influence_diagnostic,omit_S25,-0.0714481275059888,,,,,,,,,,,,,,,,,,,,,,
turbidity_rho_statistics.csv,,,3.0,,,,0.8943973617798299,28.0,,,,leave_one_out_influence_diagnostic,omit_S26,-0.0262797710366855,,,,,,,,,,,,,,,,,,,,,,
turbidity_rho_statistics.csv,,,3.0,,,,0.7055061349903364,28.0,,,,leave_one_out_influence_diagnostic,omit_S27,-0.0747228691820311,,,,,,,,,,,,,,,,,,,,,,
turbidity_rho_statistics.csv,,,3.0,,,,0.6809065483112549,28.0,,,,leave_one_out_influence_diagnostic,omit_S28,-0.0812919126266053,,,,,,,,,,,,,,,,,,,,,,
turbidity_rho_statistics.csv,,,3.0,,,,0.934986850313746,28.0,,,,leave_one_out_influence_diagnostic,omit_S30,-0.0161511092829629,,,,,,,,,,,,,,,,,,,,,,
turbidity_rho_statistics.csv,,,4.0,,,,0.6982999727092054,28.0,,,,leave_one_out_influence_diagnostic,omit_S01,-0.0766388401866986,,,,,,,,,,,,,,,,,,,,,,
turbidity_rho_statistics.csv,,,4.0,,,,0.7799077243761442,28.0,,,,leave_one_out_influence_diagnostic,omit_S02,-0.0552894489918325,,,,,,,,,,,,,,,,,,,,,,
turbidity_rho_statistics.csv,,,4.0,,,,0.5858698036121454,28.0,,,,leave_one_out_influence_diagnostic,omit_S03,-0.107568086404902,,,,,,,,,,,,,,,,,,,,,,
turbidity_rho_statistics.csv,,,4.0,,,,0.8747555816220894,28.0,,,,leave_one_out_influence_diagnostic,omit_S04,-0.0312029563617273,,,,,,,,,,,,,,,,,,,,,,
turbidity_rho_statistics.csv,,,4.0,,,,0.5954954267797467,28.0,,,,leave_one_out_influence_diagnostic,omit_S05,-0.1048309849696627,,,,,,,,,,,,,,,,,,,,,,
turbidity_rho_statistics.csv,,,4.0,,,,0.2829733766281431,28.0,,,,leave_one_out_influence_diagnostic,omit_S06,-0.2102093902263734,,,,,,,,,,,,,,,,,,,,,,
turbidity_rho_statistics.csv,,,4.0,,,,0.7799077243761442,28.0,,,,leave_one_out_influence_diagnostic,omit_S07,-0.0552894489918325,,,,,,,,,,,,,,,,,,,,,,
turbidity_rho_statistics.csv,,,4.0,,,,0.659639827649878,28.0,,,,leave_one_out_influence_diagnostic,omit_S08,-0.0870398256406077,,,,,,,,,,,,,,,,,,,,,,
turbidity_rho_statistics.csv,,,4.0,,,,0.6526070597642345,28.0,,,,leave_one_out_influence_diagnostic,omit_S09,-0.0889557966452752,,,,,,,,,,,,,,,,,,,,,,
turbidity_rho_statistics.csv,,,4.0,,,,0.7013852379061961,28.0,,,,leave_one_out_influence_diagnostic,omit_S10,-0.0758177097561268,,,,,,,,,,,,,,,,,,,,,,
turbidity_rho_statistics.csv,,,4.0,,,,0.6326746225160179,28.0,,,,leave_one_out_influence_diagnostic,omit_S11,-0.0944299995157536,,,,,,,,,,,,,,,,,,,,,,
turbidity_rho_statistics.csv,,,4.0,,,,0.6218167359654917,28.0,,,,leave_one_out_influence_diagnostic,omit_S12,-0.0974408110945168,,,,,,,,,,,,,,,,,,,,,,
turbidity_rho_statistics.csv,,,4.0,,,,0.628717520392602,28.0,,,,leave_one_out_influence_diagnostic,omit_S13,-0.0955248400898493,,,,,,,,,,,,,,,,,,,,,,
turbidity_rho_statistics.csv,,,4.0,,,,0.6768366860734285,28.0,,,,leave_one_out_influence_diagnostic,omit_S14,-0.082386753200701,,,,,,,,,,,,,,,,,,,,,,
turbidity_rho_statistics.csv,,,4.0,,,,0.4989073336540919,28.0,,,,leave_one_out_influence_diagnostic,omit_S15,-0.1332968398961508,,,,,,,,,,,,,,,,,,,,,,
turbidity_rho_statistics.csv,,,4.0,,,,0.4229942987232066,28.0,,,,leave_one_out_influence_diagnostic,omit_S16,-0.15765704266978,,,,,,,,,,,,,,,,,,,,,,
turbidity_rho_statistics.csv,,,4.0,,,,0.579224826864696,28.0,,,,leave_one_out_influence_diagnostic,omit_S17,-0.1094690749863163,,,,,,,,,,,,,,,,,,,,,,
turbidity_rho_statistics.csv,,,4.0,,,,0.6386288455308524,28.0,,,,leave_one_out_influence_diagnostic,omit_S18,-0.0927877386546101,,,,,,,,,,,,,,,,,,,,,,
turbidity_rho_statistics.csv,,,4.0,,,,0.4213652374209309,28.0,,,,leave_one_out_influence_diagnostic,omit_S19,-0.1582044629568278,,,,,,,,,,,,,,,,,,,,,,
turbidity_rho_statistics.csv,,,4.0,,,,0.4614073962954704,28.0,,,,leave_one_out_influence_diagnostic,omit_S20,-0.1450663760676795,,,,,,,,,,,,,,,,,,,,,,
turbidity_rho_statistics.csv,,,4.0,,,,0.7127372396300308,28.0,,,,leave_one_out_influence_diagnostic,omit_S21,-0.0728068981773637,,,,,,,,,,,,,,,,,,,,,,
turbidity_rho_statistics.csv,,,4.0,,,,0.6616544326475126,28.0,,,,leave_one_out_influence_diagnostic,omit_S22,-0.0864924053535598,,,,,,,,,,,,,,,,,,,,,,
turbidity_rho_statistics.csv,,,4.0,,,,0.3918585794268579,28.0,,,,leave_one_out_influence_diagnostic,omit_S23,-0.168331738267213,,,,,,,,,,,,,,,,,,,,,,
turbidity_rho_statistics.csv,,,4.0,,,,0.5006877767852626,28.0,,,,leave_one_out_influence_diagnostic,omit_S24,-0.132749419609103,,,,,,,,,,,,,,,,,,,,,,
turbidity_rho_statistics.csv,,,4.0,,,,0.6198507828021605,28.0,,,,leave_one_out_influence_diagnostic,omit_S25,-0.0979882313815646,,,,,,,,,,,,,,,,,,,,,,
turbidity_rho_statistics.csv,,,4.0,,,,0.7314420817201501,28.0,,,,leave_one_out_influence_diagnostic,omit_S26,-0.067880115593933,,,,,,,,,,,,,,,,,,,,,,
turbidity_rho_statistics.csv,,,4.0,,,,0.6139682908655901,28.0,,,,leave_one_out_influence_diagnostic,omit_S27,-0.0996304922427082,,,,,,,,,,,,,,,,,,,,,,
turbidity_rho_statistics.csv,,,4.0,,,,0.6656905540184682,28.0,,,,leave_one_out_influence_diagnostic,omit_S28,-0.0853975647794642,,,,,,,,,,,,,,,,,,,,,,
turbidity_rho_statistics.csv,,,4.0,,,,0.7756882409162642,28.0,,,,leave_one_out_influence_diagnostic,omit_S30,-0.0563765736179529,,,,,,,,,,,,,,,,,,,,,,
turbidity_rho_statistics.csv,,,6.0,,,,0.0490663165713365,28.0,,,,leave_one_out_influence_diagnostic,omit_S01,-0.3753079801176652,,,,,,,,,,,,,,,,,,,,,,
turbidity_rho_statistics.csv,,,6.0,,,,0.0341570533580016,28.0,,,,leave_one_out_influence_diagnostic,omit_S02,-0.4015877511543508,,,,,,,,,,,,,,,,,,,,,,
turbidity_rho_statistics.csv,,,6.0,,,,0.0192364192197653,28.0,,,,leave_one_out_influence_diagnostic,omit_S03,-0.4396386696345518,,,,,,,,,,,,,,,,,,,,,,
turbidity_rho_statistics.csv,,,6.0,,,,0.0320714420197456,28.0,,,,leave_one_out_influence_diagnostic,omit_S04,-0.4059677129937984,,,,,,,,,,,,,,,,,,,,,,
turbidity_rho_statistics.csv,,,6.0,,,,0.0156861775621453,28.0,,,,leave_one_out_influence_diagnostic,omit_S05,-0.4522310599229636,,,,,,,,,,,,,,,,,,,,,,
turbidity_rho_statistics.csv,,,6.0,,,,0.0392491020125965,28.0,,,,leave_one_out_influence_diagnostic,omit_S06,-0.3917328370155938,,,,,,,,,,,,,,,,,,,,,,
turbidity_rho_statistics.csv,,,6.0,,,,0.0291366447386287,28.0,,,,leave_one_out_influence_diagnostic,omit_S07,-0.4125376557529698,,,,,,,,,,,,,,,,,,,,,,
turbidity_rho_statistics.csv,,,6.0,,,,0.0333625369245991,28.0,,,,leave_one_out_influence_diagnostic,omit_S08,-0.4032302368441437,,,,,,,,,,,,,,,,,,,,,,
turbidity_rho_statistics.csv,,,6.0,,,,0.020973570946138,28.0,,,,leave_one_out_influence_diagnostic,omit_S09,-0.4341637173352423,,,,,,,,,,,,,,,,,,,,,,
turbidity_rho_statistics.csv,,,6.0,,,,0.0264230938667154,28.0,,,,leave_one_out_influence_diagnostic,omit_S10,-0.4191075985121412,,,,,,,,,,,,,,,,,,,,,,
turbidity_rho_statistics.csv,,,6.0,,,,0.0246281664543858,28.0,,,,leave_one_out_influence_diagnostic,omit_S11,-0.4237613079665542,,,,,,,,,,,,,,,,,,,,,,
turbidity_rho_statistics.csv,,,6.0,,,,0.0034577119522778,28.0,,,,leave_one_out_influence_diagnostic,omit_S12,-0.5335341015677094,,,,,,,,,,,,,,,,,,,,,,
turbidity_rho_statistics.csv,,,6.0,,,,0.0162613237070372,28.0,,,,leave_one_out_influence_diagnostic,omit_S13,-0.4500410790032398,,,,,,,,,,,,,,,,,,,,,,
turbidity_rho_statistics.csv,,,6.0,,,,0.0252499643142842,28.0,,,,leave_one_out_influence_diagnostic,omit_S14,-0.4221188222767614,,,,,,,,,,,,,,,,,,,,,,
turbidity_rho_statistics.csv,,,6.0,,,,0.0258844803043853,28.0,,,,leave_one_out_influence_diagnostic,omit_S15,-0.4204763365869685,,,,,,,,,,,,,,,,,,,,,,
turbidity_rho_statistics.csv,,,6.0,,,,0.0231489550482691,28.0,,,,leave_one_out_influence_diagnostic,omit_S16,-0.4278089543278927,,,,,,,,,,,,,,,,,,,,,,
turbidity_rho_statistics.csv,,,6.0,,,,0.0165553657023733,28.0,,,,leave_one_out_influence_diagnostic,omit_S17,-0.4489460885433779,,,,,,,,,,,,,,,,,,,,,,
turbidity_rho_statistics.csv,,,6.0,,,,0.0252499643142842,28.0,,,,leave_one_out_influence_diagnostic,omit_S18,-0.4221188222767614,,,,,,,,,,,,,,,,,,,,,,
turbidity_rho_statistics.csv,,,6.0,,,,0.0063823462621246,28.0,,,,leave_one_out_influence_diagnostic,omit_S19,-0.5028743686915764,,,,,,,,,,,,,,,,,,,,,,
turbidity_rho_statistics.csv,,,6.0,,,,0.025145453171108,28.0,,,,leave_one_out_influence_diagnostic,omit_S20,-0.4223925698917269,,,,,,,,,,,,,,,,,,,,,,
turbidity_rho_statistics.csv,,,6.0,,,,0.0582373126050978,28.0,,,,leave_one_out_influence_diagnostic,omit_S21,-0.3621680945993225,,,,,,,,,,,,,,,,,,,,,,
turbidity_rho_statistics.csv,,,6.0,,,,0.0296100788529434,28.0,,,,leave_one_out_influence_diagnostic,omit_S22,-0.4114426652931079,,,,,,,,,,,,,,,,,,,,,,
turbidity_rho_statistics.csv,,,6.0,,,,0.0255879066923284,28.0,,,,leave_one_out_influence_diagnostic,omit_S23,-0.4212399108833186,,,,,,,,,,,,,,,,,,,,,,
turbidity_rho_statistics.csv,,,6.0,,,,0.0187570753498916,28.0,,,,leave_one_out_influence_diagnostic,omit_S24,-0.441220751360565,,,,,,,,,,,,,,,,,,,,,,
turbidity_rho_statistics.csv,,,6.0,,,,0.0307231632826348,28.0,,,,leave_one_out_influence_diagnostic,omit_S25,-0.408922954424742,,,,,,,,,,,,,,,,,,,,,,
turbidity_rho_statistics.csv,,,6.0,,,,0.0293725900756388,28.0,,,,leave_one_out_influence_diagnostic,omit_S26,-0.4119901605230388,,,,,,,,,,,,,,,,,,,,,,
turbidity_rho_statistics.csv,,,6.0,,,,0.035239991701911,28.0,,,,leave_one_out_influence_diagnostic,omit_S27,-0.399397770234627,,,,,,,,,,,,,,,,,,,,,,
turbidity_rho_statistics.csv,,,6.0,,,,0.027192416568019,28.0,,,,leave_one_out_influence_diagnostic,omit_S28,-0.4171913652073828,,,,,,,,,,,,,,,,,,,,,,
turbidity_rho_statistics.csv,,,6.0,,,,0.0362100132549491,28.0,,,,leave_one_out_influence_diagnostic,omit_S30,-0.3974815369298687,,,,,,,,,,,,,,,,,,,,,,
mrm_chlorophyll_turbidity_results.csv,,,,,,,,,,,,single_variable_distance,,,,,,,,,chlorophyll distance,0.373575277024,,0.0016,29.0,406.0,9999.0,permute response full-EEM distance labels by site; keep predictor distance fixed,,,,,,,,
mrm_chlorophyll_turbidity_results.csv,,,,,,,,,,,,single_variable_distance,,,,,,,,,turbidity distance,0.339818815681,,0.0027,29.0,406.0,9999.0,permute response full-EEM distance labels by site; keep predictor distance fixed,,,,,,,,
mrm_chlorophyll_turbidity_results.csv,,,,,,,,,,,,MRM_overall,,,,,,,,,overall model,,0.384493825869,0.0005,29.0,406.0,9999.0,permute response full-EEM distance labels by site; refit standardized MRM,,-0.0520880122063,0.225995184616,1.00272054228,1.00272054228,1.05351816513,,
mrm_chlorophyll_turbidity_results.csv,,,,,,,,,,,,MRM_coefficient,,,,,,,,,chlorophyll distance,,0.384493825869,0.0228,29.0,406.0,9999.0,permute response full-EEM distance labels by site; refit standardized MRM,0.320641670931,-0.0520880122063,0.225995184616,1.00272054228,1.00272054228,1.05351816513,-0.179423709419,0.309610588467
mrm_chlorophyll_turbidity_results.csv,,,,,,,,,,,,MRM_coefficient,,,,,,,,,turbidity distance,,0.384493825869,0.0006,29.0,406.0,9999.0,permute response full-EEM distance labels by site; refit standardized MRM,0.547702234867,-0.0520880122063,0.225995184616,1.00272054228,1.00272054228,1.05351816513,-0.165316369754,0.36596357034
mrm_chlorophyll_turbidity_results.csv,,,,,,,,,,,,site_level_covariate,,,,,,,,,chlorophyll proxy vs turbidity,0.59802955665,,0.0014,29.0,,9999.0,permute one site-level variable across the 29 station labels,,,,,,,,
